Distance_km,Weather,Traffic_Level,Time_of_Day,Vehicle_Type,Preparation_Time_min,Courier_Experience_yrs,predicted_column
7.93,Windy,Low,Afternoon,Scooter,12,1.0,42.57403
16.42,Clear,Medium,Evening,Bike,20,2.0,82.457054
9.52,Foggy,Low,Night,Scooter,28,1.0,59.76949
7.44,Rainy,Medium,Afternoon,Scooter,5,1.0,37.02639
19.03,Clear,Low,Morning,Bike,16,5.0,68.15408
19.4,Clear,Low,Evening,Scooter,8,9.0,57.385513
9.52,Clear,Low,,Bike,12,1.0,48.935253
17.39,Clear,Medium,Evening,Scooter,5,6.0,47.37782
1.78,Snowy,Low,Evening,Car,20,6.0,34.7913
10.62,Foggy,Low,Evening,Scooter,29,1.0,72.09244
16.86,Snowy,Medium,Afternoon,Car,13,4.0,87.6921
15.54,Clear,Low,Night,Bike,29,1.0,75.14037
10.89,Clear,High,Night,Bike,12,5.0,54.103474
4.69,Rainy,Medium,Evening,Scooter,12,7.0,36.137646
2.8,Clear,High,Morning,Scooter,10,,32.92997
2.17,Snowy,Low,Evening,Car,15,3.0,34.912556
17.86,Rainy,Low,Afternoon,Bike,5,1.0,49.926514
2.53,Snowy,Low,Morning,Bike,6,8.0,23.863724
6.58,Foggy,Low,Evening,Car,6,7.0,26.981493
5.38,Clear,Medium,Evening,Scooter,26,1.0,47.8304
15.56,Rainy,Low,Afternoon,Scooter,28,0.0,72.182076
13.08,Rainy,Low,Morning,Car,16,4.0,59.855762
0.86,Clear,High,Afternoon,Bike,26,5.0,37.135517
5.83,Clear,High,Evening,Car,27,9.0,56.044796
11.2,Clear,Medium,Morning,Bike,23,,69.626656
14.59,Clear,Medium,Morning,Bike,15,6.0,64.75071
12.91,Windy,Medium,Evening,Bike,11,6.0,56.263763
13.92,Snowy,Low,Morning,Scooter,18,4.0,70.31758
4.04,Snowy,Low,Night,Bike,11,9.0,67.20337
18.05,Clear,Medium,Evening,Scooter,10,7.0,117.8453
12.88,Clear,Medium,Morning,Scooter,8,5.0,51.79387
19.45,Rainy,High,Morning,Scooter,20,6.0,107.38802
4.58,Clear,High,Morning,Scooter,22,9.0,44.82204
19.73,Foggy,Medium,Evening,Bike,27,4.0,111.06072
2.47,Windy,Medium,Morning,Bike,27,2.0,42.695545
17.8,Snowy,Medium,Morning,Bike,16,9.0,73.42192
5.96,Clear,Medium,Afternoon,Bike,22,7.0,44.903664
12.85,Windy,Medium,Afternoon,Scooter,18,7.0,62.270817
1.02,Clear,Medium,Afternoon,Bike,25,4.0,34.19316
6.84,Rainy,Medium,Night,Car,14,8.0,46.19
8.68,Rainy,Medium,Morning,Bike,8,5.0,52.199932
10.69,Clear,Medium,Night,Bike,25,9.0,66.90734
0.99,,Medium,Evening,Bike,15,,31.091906
1.11,Clear,Low,Morning,Bike,5,6.0,8.309065
2.16,Snowy,Low,Evening,Scooter,15,0.0,52.420937
13.17,Windy,Medium,Afternoon,Bike,16,4.0,68.7893
8.79,Snowy,Low,Night,Bike,14,6.0,43.34481
5.93,Clear,Low,Afternoon,Scooter,19,3.0,36.203144
2.09,Rainy,Low,Night,Bike,23,2.0,35.91367
7.57,Clear,Low,Morning,Bike,21,0.0,54.819115
10.52,Rainy,Medium,Afternoon,Scooter,8,4.0,55.383343
4.83,Rainy,Low,Morning,Car,25,9.0,46.57211
19.81,Snowy,Medium,Afternoon,Car,20,5.0,103.55913
10.1,Rainy,Low,Evening,Car,8,4.0,49.561768
7.64,Windy,Low,Afternoon,Car,10,8.0,33.191296
12.35,Clear,Low,Morning,Scooter,10,6.0,35.991306
5.9,Rainy,Low,Evening,Car,26,9.0,44.274178
0.9,Clear,Low,Afternoon,Bike,20,8.0,22.99738
11.58,Clear,Medium,Morning,Scooter,16,2.0,60.49949
16.16,Clear,High,Afternoon,Bike,11,1.0,81.77723
15.51,Clear,Low,Evening,Bike,17,9.0,69.77374
12.16,Windy,High,Evening,Scooter,11,0.0,68.62721
4.96,Rainy,High,Morning,Bike,21,0.0,60.76382
3.64,Windy,High,Evening,Bike,17,6.0,39.810505
2.85,Clear,Low,Morning,Scooter,26,0.0,40.09107
10.4,Clear,Low,Evening,Bike,16,4.0,52.170753
12.31,Windy,Low,Morning,Bike,29,4.0,68.45318
3.53,Clear,Medium,Afternoon,Bike,13,7.0,29.740246
15.56,Clear,Medium,Evening,Bike,14,3.0,70.174126
13.6,Clear,Medium,Afternoon,Bike,27,0.0,85.47305
15.23,Snowy,High,Morning,Bike,5,0.0,61.82812
4.17,,Low,Evening,Scooter,5,1.0,22.39437
3.21,Rainy,High,Night,Scooter,16,0.0,42.042515
6.38,Snowy,Low,Evening,Bike,16,1.0,107.29754
16.54,Rainy,Low,Afternoon,Scooter,6,7.0,51.040432
12.02,Clear,Low,Morning,Car,9,7.0,40.34354
11.94,Clear,Low,Evening,Bike,20,3.0,66.77466
9.08,Clear,Low,Afternoon,Scooter,14,5.0,48.435825
3.46,Snowy,Medium,Morning,Scooter,23,3.0,48.006035
6.8,Foggy,Medium,Morning,Scooter,13,7.0,45.968826
17.38,Rainy,Medium,Afternoon,Scooter,11,2.0,91.212364
3.25,Clear,Low,Morning,Bike,23,7.0,31.988077
10.28,Clear,Medium,Evening,Scooter,29,3.0,70.30108
16.14,Clear,Low,Night,Car,6,9.0,64.73806
3.55,Clear,Medium,Evening,Bike,23,0.0,43.651695
10.65,Clear,,Afternoon,Scooter,23,8.0,57.707012
19.03,Clear,Low,Afternoon,Car,26,5.0,69.33076
7.3,Clear,Low,Night,Scooter,14,7.0,30.144802
7.03,Clear,Low,Evening,Scooter,21,1.0,45.490402
12.43,Snowy,Low,Afternoon,Car,12,0.0,69.575485
12.76,Windy,High,Morning,Scooter,27,,74.18991
11.39,Rainy,High,Evening,Scooter,14,1.0,71.98937
19.41,Clear,Low,Morning,Car,7,3.0,49.238556
13.17,Rainy,High,Evening,Scooter,17,8.0,68.3107
8.32,Rainy,Low,Afternoon,Car,12,2.0,48.71434
1.92,Clear,Low,,Bike,8,7.0,14.137153
1.15,Clear,Low,Afternoon,Scooter,26,4.0,29.374289
17.8,Windy,High,Afternoon,Car,12,9.0,73.03503
7.46,Clear,Medium,Evening,Bike,8,5.0,39.950962
7.25,Clear,Medium,Afternoon,Scooter,18,4.0,44.55948
16.7,Clear,Medium,Afternoon,Scooter,28,1.0,75.9809
17.2,Rainy,High,Afternoon,Scooter,14,2.0,93.849396
0.86,Clear,Medium,Afternoon,Car,21,7.0,27.768307
18.76,Clear,Medium,Evening,Car,15,2.0,78.6971
9.22,Clear,Medium,Afternoon,Car,18,9.0,50.01928
2.84,Clear,Low,Evening,Scooter,24,2.0,35.223675
17.59,Clear,Low,Morning,Bike,24,6.0,69.37361
14.89,Snowy,High,Morning,Scooter,17,6.0,86.942696
1.3,Clear,Medium,Evening,Bike,22,4.0,30.914045
18.99,Rainy,High,Afternoon,Bike,10,6.0,70.50939
1.6,Foggy,Low,Night,Scooter,24,,36.806458
8.26,Snowy,Low,Afternoon,Bike,15,1.0,60.417027
10.16,Clear,High,Night,Bike,12,5.0,52.43791
12.03,Clear,Medium,,Car,20,5.0,65.18797
14.73,Rainy,Low,Afternoon,Bike,24,6.0,87.23535
12.56,Clear,High,Evening,Bike,17,5.0,68.96898
5.53,Clear,Medium,Afternoon,Bike,19,1.0,44.819336
10.18,Foggy,Medium,Morning,Bike,25,3.0,72.56418
15.5,Clear,Medium,Morning,Scooter,28,9.0,91.165375
2.98,Foggy,,Night,Bike,11,2.0,27.248167
16.69,Foggy,Medium,Evening,Scooter,8,2.0,65.550026
11.22,Windy,High,Evening,Bike,25,5.0,78.23645
8.53,Clear,Low,Evening,Scooter,8,2.0,40.758774
12.49,Clear,Medium,Morning,Bike,25,4.0,74.392784
0.97,Clear,Low,Night,Scooter,24,8.0,26.351963
12.6,Windy,Medium,Afternoon,Car,8,6.0,57.685146
6.91,Clear,Medium,Evening,Scooter,28,9.0,56.61856
18.97,Clear,Low,Evening,Car,25,4.0,139.87292
4.05,Clear,Medium,Evening,Bike,20,,41.673176
14.29,Windy,Medium,Morning,Bike,14,7.0,75.749306
1.3,Foggy,Low,Evening,Bike,19,5.0,29.233097
12.11,Rainy,Low,Morning,Bike,9,5.0,57.701176
14.94,Clear,Medium,Morning,Bike,11,0.0,61.980255
2.29,Rainy,High,Afternoon,Car,8,8.0,78.64141
17.36,Rainy,High,Afternoon,Bike,24,1.0,105.30794
18.48,Clear,Medium,Night,Bike,8,0.0,81.36223
16.25,Foggy,High,Morning,Bike,10,5.0,90.61286
5.13,Clear,Low,Morning,Car,15,4.0,30.638937
15.81,Clear,Low,,Car,25,1.0,91.59577
0.61,Clear,Low,Afternoon,Scooter,10,0.0,16.093178
5.55,Foggy,High,Evening,Bike,18,1.0,115.70554
19.35,Clear,High,,Bike,12,7.0,75.50843
4.03,Clear,Medium,Evening,Bike,9,5.0,25.664528
7.09,Snowy,Low,Morning,Scooter,13,8.0,37.66624
8.25,Clear,Medium,Afternoon,Bike,7,9.0,28.611637
11.26,Clear,Low,Night,Bike,5,6.0,48.95594
19.7,Rainy,Low,Evening,Bike,10,2.0,60.33369
0.8,Snowy,High,Evening,Bike,14,9.0,35.679783
7.0,Rainy,Medium,Evening,Bike,17,9.0,48.40845
14.43,Clear,Medium,Morning,Car,14,4.0,69.75133
6.89,Rainy,Medium,Afternoon,Bike,11,6.0,43.445847
5.13,Foggy,Medium,Evening,Car,25,1.0,60.17578
1.5,Clear,Low,Afternoon,Bike,10,1.0,17.356178
2.78,,High,Afternoon,Scooter,9,0.0,41.11685
11.31,Clear,Medium,Evening,Bike,7,0.0,55.70337
15.05,Clear,Medium,Evening,Car,12,2.0,66.03369
5.78,Foggy,Low,Afternoon,Scooter,9,9.0,32.874294
11.83,Clear,Low,Evening,Scooter,9,7.0,33.114616
8.08,Foggy,Low,Morning,Bike,25,2.0,60.760815
16.1,Clear,Low,Evening,Bike,25,0.0,64.73246
9.74,Rainy,Medium,Evening,Scooter,7,8.0,37.530216
17.6,Clear,Low,Afternoon,Bike,27,3.0,69.12201
10.22,Snowy,Medium,Night,Bike,18,1.0,68.69325
2.19,Clear,Low,Evening,Bike,26,3.0,32.46395
11.41,Windy,Medium,Afternoon,Scooter,17,4.0,67.29241
4.14,Clear,Medium,Morning,Scooter,14,2.0,31.392101
12.65,Rainy,Low,Afternoon,Bike,18,8.0,60.28699
4.15,,Medium,Morning,Car,17,8.0,45.373093
16.8,,High,Morning,Car,19,4.0,83.9987
9.06,Clear,Medium,Evening,Bike,23,4.0,50.285446
13.04,Clear,Medium,Morning,Scooter,20,6.0,64.23348
10.7,Clear,Medium,Afternoon,Scooter,8,5.0,44.63987
6.15,Foggy,Low,Evening,Scooter,26,5.0,48.107475
16.47,Snowy,High,Evening,Scooter,20,9.0,75.18813
1.39,Clear,Medium,Afternoon,Bike,15,4.0,25.17124
11.14,Rainy,Medium,Morning,Scooter,7,3.0,47.34407
3.81,Rainy,High,Afternoon,Bike,5,6.0,51.873577
2.39,Rainy,Medium,Evening,Bike,27,7.0,42.938683
11.74,Clear,High,Evening,Car,6,3.0,54.22879
8.26,Clear,Low,,Car,21,4.0,72.062805
9.54,Rainy,Medium,Evening,Scooter,11,5.0,47.44309
3.88,Clear,Medium,Morning,Bike,16,2.0,35.496655
0.95,Rainy,Medium,Morning,Car,27,0.0,44.657127
8.59,Clear,Low,Night,Scooter,17,8.0,35.740143
8.59,Clear,Low,Evening,Bike,22,2.0,45.44836
14.21,Clear,Medium,Evening,Bike,24,,64.7608
13.03,Foggy,Low,Morning,Scooter,9,1.0,50.105755
8.03,Clear,Low,Evening,Scooter,14,8.0,39.014706
13.2,Snowy,Low,Morning,Car,14,3.0,62.656193
12.67,Clear,Medium,Evening,Car,10,3.0,64.54075
17.54,Clear,,Morning,Car,16,8.0,56.60621
9.32,Clear,Low,Morning,Scooter,6,5.0,30.50441
6.03,Rainy,High,Afternoon,Car,8,6.0,47.328983
15.71,Clear,Low,Afternoon,Scooter,28,5.0,69.63863
4.87,Snowy,High,Evening,Bike,16,7.0,54.118126
18.15,Rainy,High,Morning,Bike,22,7.0,106.19472
0.78,Clear,Medium,Morning,Bike,6,1.0,17.133167
0.6,Clear,Low,Afternoon,Bike,26,3.0,29.911707
2.09,Clear,Medium,Evening,Bike,5,5.0,16.089563
7.49,Clear,,Morning,Scooter,13,9.0,43.055065
1.41,Foggy,Medium,Evening,Bike,15,0.0,71.26814
18.92,Clear,High,Morning,Scooter,27,4.0,100.04165
12.41,Clear,Medium,Morning,Car,10,1.0,51.57244
1.06,,Low,Afternoon,Scooter,19,6.0,20.654732
18.34,Clear,High,Night,Bike,9,4.0,91.805016
13.52,Clear,Low,Morning,Scooter,27,1.0,80.99747
16.79,Foggy,High,Afternoon,Bike,24,6.0,85.139915
15.39,Clear,Medium,Evening,Scooter,24,5.0,86.288216
7.39,Rainy,Medium,Morning,Scooter,25,6.0,59.661015
10.98,Rainy,Low,Morning,Scooter,10,6.0,53.737915
11.08,Snowy,Medium,Morning,Bike,9,0.0,57.747536
5.41,Clear,Medium,Night,Bike,14,5.0,34.1726
0.94,Clear,High,Morning,Bike,9,6.0,21.088686
7.27,Windy,Low,Afternoon,Bike,10,5.0,35.60756
2.99,Windy,Medium,Morning,Bike,27,5.0,41.734753
15.28,Snowy,Low,Evening,Bike,16,5.0,71.43728
2.48,Windy,Medium,Afternoon,Car,14,6.0,29.264227
17.13,Rainy,Low,Evening,Car,19,1.0,71.183914
7.17,Clear,Low,Afternoon,Bike,15,7.0,32.38532
5.47,Rainy,Low,Morning,Car,21,6.0,38.264256
19.53,Foggy,Low,Afternoon,Bike,11,6.0,86.90246
7.5,Clear,High,Morning,Bike,29,1.0,66.47009
5.61,Windy,Low,Night,Bike,25,9.0,47.69792
4.1,Clear,Low,Morning,Bike,21,3.0,36.83134
6.22,Rainy,Medium,Morning,Bike,15,0.0,49.01466
14.77,,High,Morning,Scooter,11,6.0,66.99007
12.55,Windy,Low,Evening,Bike,13,8.0,50.3507
10.31,Foggy,Medium,Morning,Scooter,19,5.0,61.562943
8.72,Snowy,Medium,Evening,Car,18,7.0,63.140736
17.07,Clear,Medium,Morning,Bike,20,6.0,70.49696
8.27,,High,Afternoon,Scooter,13,5.0,57.098385
7.54,Snowy,Low,Afternoon,Bike,20,,54.562557
14.07,Clear,High,Afternoon,Bike,5,8.0,66.82039
19.02,Clear,Medium,Afternoon,Bike,29,9.0,87.73776
19.0,Clear,High,Morning,Car,28,3.0,96.03742
3.83,Rainy,Medium,Afternoon,Bike,12,9.0,31.141623
10.3,Clear,Low,Evening,Scooter,19,8.0,53.606766
8.09,Clear,High,Afternoon,Scooter,15,4.0,50.792713
18.06,Clear,Medium,Night,Bike,9,8.0,53.361916
2.76,Windy,Medium,Morning,Scooter,8,5.0,22.10791
12.17,Snowy,Low,Evening,Bike,20,8.0,67.23729
12.33,Clear,Medium,Evening,Bike,22,9.0,74.50641
1.38,Clear,Medium,Evening,Scooter,5,8.0,12.479173
18.49,Clear,Low,Afternoon,Scooter,14,6.0,73.78987
10.57,Snowy,Low,Afternoon,Bike,28,9.0,59.74472
2.0,Clear,High,Evening,Scooter,10,2.0,29.954126
3.29,Clear,Medium,Afternoon,Scooter,17,4.0,32.601036
1.94,Rainy,Medium,Morning,Bike,16,0.0,35.510654
6.56,Windy,Medium,,Bike,14,1.0,46.28921
9.58,Clear,High,Afternoon,Car,26,8.0,61.114136
6.95,Clear,Medium,Morning,Scooter,25,2.0,57.471046
14.05,Clear,High,Morning,Scooter,19,0.0,72.55187
18.97,Rainy,High,Night,Bike,20,8.0,97.25733
13.53,Rainy,Low,Evening,Bike,28,8.0,77.6795
15.14,Rainy,Medium,Morning,Bike,8,6.0,67.04214
5.96,Clear,Low,Afternoon,Bike,26,6.0,47.28893
3.43,Windy,Medium,Morning,Bike,7,6.0,23.574867
6.24,,Medium,Evening,Bike,15,3.0,49.50938
17.94,Rainy,High,Evening,Scooter,22,6.0,85.73077
3.54,Rainy,Medium,Evening,Bike,10,5.0,32.072693
16.38,Rainy,Medium,Night,Bike,7,,88.74312
7.81,Clear,Low,Evening,Bike,11,4.0,41.17448
8.84,Clear,,Morning,Bike,26,0.0,56.97824
14.09,Clear,Medium,Afternoon,Scooter,12,3.0,61.952328
11.92,Clear,Low,Afternoon,Scooter,14,4.0,48.090023
17.3,Clear,Low,Evening,Scooter,9,0.0,66.687904
14.08,Clear,High,Morning,Bike,28,6.0,66.06867
2.8,Clear,High,Afternoon,Bike,28,1.0,49.757904
17.96,Clear,Medium,,Bike,22,2.0,76.355
14.09,Clear,High,Afternoon,Bike,12,6.0,66.717155
9.39,Clear,Low,Morning,Bike,14,2.0,39.040195
17.9,Clear,Low,Morning,Bike,23,,85.390594
4.55,Rainy,Low,Afternoon,Bike,5,6.0,21.357157
6.24,Snowy,Low,Afternoon,Bike,20,4.0,51.568123
16.92,Clear,Low,Morning,Scooter,29,0.0,70.21576
14.31,Clear,Medium,Morning,Bike,9,8.0,47.91575
14.66,Windy,Medium,,Bike,20,2.0,79.32412
2.23,Clear,Low,Morning,Bike,7,6.0,13.624671
12.65,Clear,Low,Evening,Bike,15,4.0,64.58239
7.24,Rainy,Medium,Evening,Bike,28,6.0,63.326443
3.01,Clear,Medium,Evening,Bike,14,4.0,26.797972
11.52,,Medium,Morning,Scooter,25,2.0,58.590668
3.95,Clear,Low,Afternoon,Bike,13,5.0,25.0172
1.09,Clear,Medium,Morning,Scooter,6,2.0,16.920176
13.99,Clear,High,Evening,Scooter,7,3.0,95.16835
19.32,Rainy,High,Morning,Car,21,7.0,112.14734
11.72,Rainy,Low,Evening,Bike,11,9.0,42.28424
2.13,Rainy,Low,Morning,Scooter,9,2.0,21.909363
8.17,Clear,Medium,Afternoon,Scooter,20,9.0,44.342934
12.21,Clear,High,Morning,Bike,9,4.0,57.708805
3.17,Clear,Medium,Evening,Scooter,17,6.0,32.57189
18.68,Snowy,Low,Afternoon,Bike,11,8.0,63.039307
10.95,Clear,Medium,Evening,Scooter,24,4.0,58.5914
19.26,Windy,Medium,Morning,Scooter,21,6.0,67.322876
9.44,Rainy,,Evening,Scooter,28,8.0,62.44673
4.86,Foggy,Medium,Evening,Car,25,4.0,52.965378
5.81,Foggy,Low,Afternoon,Bike,25,8.0,51.467457
7.34,Rainy,Low,Evening,Bike,22,8.0,51.347088
17.39,Foggy,Medium,Morning,Bike,25,4.0,98.576195
5.22,Snowy,Low,Evening,Bike,11,9.0,40.79532
12.32,Clear,Medium,Evening,Scooter,17,4.0,69.2519
2.15,Windy,Medium,Afternoon,Car,17,6.0,30.158913
9.36,Rainy,High,Morning,Scooter,17,2.0,65.12095
2.28,Clear,Medium,Evening,Scooter,27,9.0,39.149113
14.54,Clear,Medium,Evening,Bike,29,2.0,74.47973
12.15,Clear,High,Morning,Car,12,6.0,62.428524
1.4,Windy,Low,Evening,Bike,9,9.0,16.852997
3.37,Clear,High,Morning,Bike,9,,28.048574
3.85,Rainy,Medium,Afternoon,Bike,26,3.0,46.52941
9.03,Clear,Low,,Bike,11,5.0,43.41014
17.99,Snowy,Low,Afternoon,Bike,15,3.0,70.169624
16.35,Clear,Medium,Morning,Bike,16,0.0,66.95315
19.61,Clear,High,Evening,Bike,8,6.0,72.018555
16.29,Clear,Low,Morning,Bike,20,1.0,72.481705
7.84,Windy,Low,Afternoon,Bike,6,4.0,28.123396
18.17,Rainy,Low,Afternoon,Car,13,0.0,71.17058
17.89,Windy,Low,,Bike,27,1.0,101.02371
13.34,Clear,Medium,Night,Bike,20,6.0,58.168823
4.43,Foggy,Low,Morning,Scooter,10,1.0,62.566807
13.21,Clear,,Morning,Scooter,12,4.0,60.94007
2.76,Windy,Medium,Night,Bike,6,2.0,26.680563
1.5,Foggy,Medium,Evening,Scooter,15,4.0,33.54304
11.04,Clear,Medium,Afternoon,Scooter,8,2.0,53.41236
1.22,Clear,Medium,Evening,Scooter,6,,14.110822
14.58,Clear,Low,Afternoon,Bike,13,,57.97571
18.26,Rainy,High,Night,Scooter,28,7.0,92.968475
3.88,Foggy,Low,Evening,Car,27,9.0,42.380737
18.07,Clear,High,Afternoon,Scooter,5,2.0,67.267426
12.11,Clear,Medium,Evening,Bike,28,0.0,75.90763
7.08,Clear,Medium,Afternoon,Scooter,5,8.0,27.04064
3.12,Rainy,Low,Evening,Scooter,14,5.0,29.068764
2.03,Foggy,High,Evening,Car,14,4.0,35.8143
1.8,Clear,,Night,Bike,14,1.0,27.45209
5.42,Clear,Low,Evening,Scooter,11,9.0,26.154085
7.8,Clear,Low,Evening,Scooter,23,5.0,50.88596
8.47,Rainy,Low,Afternoon,Scooter,19,0.0,47.948093
6.79,Rainy,Low,Evening,Scooter,16,1.0,39.562424
13.6,Rainy,Medium,Afternoon,Scooter,23,6.0,80.67879
13.06,Rainy,High,Morning,Bike,17,8.0,59.45595
19.93,Snowy,Low,Afternoon,Bike,6,6.0,59.126713
11.3,Snowy,Medium,Afternoon,Bike,15,8.0,68.38775
6.74,Rainy,Medium,Evening,Car,21,9.0,47.115562
10.49,Rainy,Low,Morning,Bike,28,9.0,66.117195
8.83,,Medium,Evening,Scooter,12,3.0,104.64812
7.15,Clear,High,Night,Car,29,7.0,59.560722
15.94,Clear,Low,Evening,Bike,24,2.0,76.48139
11.26,Foggy,High,Afternoon,Bike,14,2.0,69.8218
11.87,Clear,Medium,Morning,Bike,10,6.0,44.867523
2.83,Windy,Medium,Afternoon,Scooter,14,6.0,28.201307
11.74,Clear,Low,Afternoon,Car,20,1.0,53.48362
2.71,Clear,Low,Morning,Scooter,6,1.0,19.46541
10.47,Clear,High,Evening,Scooter,14,7.0,54.85241
4.5,Snowy,High,Evening,Bike,24,0.0,66.05838
19.74,,Low,,Car,21,7.0,71.50598
1.23,Clear,Low,Evening,Bike,18,6.0,20.592161
4.83,Clear,Low,Evening,Bike,11,1.0,30.62447
1.51,Clear,High,Afternoon,Bike,14,2.0,32.09387
1.62,Windy,Low,Evening,Bike,9,8.0,15.79537
11.31,Clear,High,Evening,Bike,20,0.0,66.596886
6.05,Clear,Medium,Morning,Car,24,0.0,48.95095
10.14,Clear,Medium,Morning,Scooter,20,1.0,59.2832
9.45,Clear,Low,Afternoon,Car,13,0.0,48.553772
6.8,Clear,High,Evening,Bike,28,5.0,55.396355
15.65,Clear,Low,Afternoon,Bike,27,0.0,75.87995
2.26,Clear,Medium,Morning,Scooter,6,3.0,18.19705
12.05,Clear,Low,Evening,Scooter,29,4.0,61.04674
8.25,Windy,Medium,Evening,Car,24,4.0,61.714485
12.85,Rainy,Medium,Afternoon,Scooter,23,0.0,79.803734
15.14,Windy,Medium,Morning,Bike,15,4.0,70.6258
4.59,Foggy,Low,Evening,Scooter,19,8.0,36.064682
12.02,Clear,Low,Afternoon,Bike,26,0.0,63.138004
19.8,Clear,High,Evening,Bike,7,3.0,87.88243
19.27,Foggy,High,Afternoon,Bike,14,6.0,91.84427
4.92,Clear,High,Morning,Scooter,12,0.0,40.727974
1.63,Rainy,Medium,Night,Bike,24,5.0,38.71812
18.04,Clear,Medium,Morning,Bike,8,5.0,71.97588
19.4,Snowy,,Afternoon,Scooter,23,9.0,92.215935
16.4,Clear,High,Morning,Scooter,12,2.0,69.94454
12.01,Clear,Low,Morning,Car,5,7.0,42.183346
18.46,Clear,,,Scooter,29,1.0,152.7164
13.09,Windy,Low,,Scooter,17,1.0,69.09742
1.22,Foggy,High,Afternoon,Scooter,14,2.0,37.966267
10.36,Rainy,Medium,Afternoon,Bike,7,8.0,40.435017
4.31,Rainy,Medium,Afternoon,Bike,9,2.0,34.41048
13.32,Windy,Medium,Afternoon,Bike,26,0.0,71.59512
16.1,Clear,Low,Morning,Car,16,6.0,60.411167
14.11,Rainy,High,Morning,Scooter,24,3.0,92.66871
2.84,Clear,Medium,Night,Scooter,28,1.0,44.35239
16.09,Snowy,Low,Morning,Car,13,6.0,68.01026
16.05,Snowy,Medium,Evening,Bike,11,2.0,88.846344
13.37,Windy,High,Afternoon,Scooter,17,8.0,63.53006
10.16,Snowy,Medium,Night,Bike,10,1.0,66.85124
6.13,Clear,Medium,Night,Scooter,22,0.0,48.815834
4.96,Rainy,Low,Afternoon,Car,10,7.0,28.62563
3.0,Clear,Low,Morning,Scooter,29,1.0,43.081665
2.23,Snowy,Medium,Evening,Car,14,0.0,41.40767
17.96,Clear,,Evening,Scooter,26,0.0,75.24711
7.8,Rainy,Medium,Morning,Bike,11,7.0,48.880337
10.9,Clear,High,Afternoon,Scooter,6,8.0,46.922066
3.17,Clear,Low,Afternoon,Bike,17,1.0,28.420082
9.39,Windy,Medium,Morning,Scooter,21,9.0,50.520916
17.44,Clear,Low,Evening,Bike,25,9.0,87.78271
3.02,Rainy,Medium,Morning,Bike,23,1.0,46.06663
19.99,Rainy,High,Evening,Bike,17,1.0,111.81272
16.22,Rainy,High,Evening,Bike,22,0.0,101.31694
2.74,Clear,High,Afternoon,Bike,18,9.0,36.539062
5.74,Rainy,High,Evening,Bike,13,9.0,45.76411
9.75,Clear,Low,Afternoon,Bike,22,7.0,50.03601
15.62,Rainy,Medium,Afternoon,Scooter,23,7.0,78.32548
16.54,Rainy,Medium,Afternoon,Bike,25,7.0,78.14916
7.84,Rainy,Low,Morning,Scooter,7,8.0,35.169594
17.44,,Low,Night,Car,23,0.0,83.48711
11.08,Windy,High,Afternoon,Bike,16,6.0,70.01532
17.61,Clear,Medium,Evening,Scooter,21,9.0,79.54772
8.28,Snowy,Low,Evening,Car,29,7.0,61.57025
15.32,Clear,Medium,Morning,Bike,17,6.0,79.26851
3.83,Rainy,Low,Evening,Car,27,3.0,48.69239
3.25,Rainy,,Evening,Scooter,29,0.0,50.886658
19.75,Clear,Medium,Morning,Bike,25,1.0,103.11526
15.19,Foggy,Low,Evening,Scooter,6,4.0,52.801353
8.92,Windy,,Morning,Bike,25,4.0,61.77806
18.63,Windy,Low,Afternoon,Bike,11,5.0,83.3412
12.74,Clear,Low,Night,Scooter,18,0.0,66.82309
18.13,Rainy,High,Evening,Bike,21,2.0,88.51167
2.47,Rainy,Low,Afternoon,Car,22,6.0,32.963097
18.15,Windy,Medium,Morning,Bike,11,2.0,88.86723
1.74,Foggy,High,Afternoon,Scooter,8,9.0,28.09218
5.79,Windy,Medium,Morning,Bike,26,6.0,49.35723
5.75,Windy,High,Morning,Scooter,7,4.0,37.1557
17.41,Snowy,Medium,Evening,Bike,20,4.0,81.67577
1.2,Rainy,Low,Morning,Scooter,24,7.0,32.641624
8.07,Windy,Low,Evening,Bike,21,4.0,49.048862
1.88,Clear,Medium,Morning,Scooter,24,7.0,35.15732
0.72,Rainy,Medium,Afternoon,Scooter,9,2.0,22.987436
14.19,Clear,Medium,Afternoon,Bike,9,1.0,57.830177
16.73,Windy,High,Afternoon,Scooter,9,7.0,71.09918
18.53,Rainy,Low,Afternoon,Scooter,8,8.0,57.208557
4.32,Clear,Low,Morning,Bike,21,9.0,33.774006
13.6,Foggy,High,Evening,Bike,9,7.0,61.1642
18.46,Rainy,Low,Morning,Bike,19,9.0,93.25842
7.67,Windy,Low,Morning,Car,9,2.0,31.12543
8.23,Snowy,Low,Evening,Bike,17,3.0,54.829487
13.44,Clear,Low,Night,Bike,29,0.0,65.73318
15.04,Clear,Low,Morning,Car,24,5.0,59.79789
7.48,Clear,Medium,Morning,Car,21,4.0,54.954636
10.11,Rainy,,Afternoon,Scooter,23,2.0,62.918518
10.88,Snowy,Low,Afternoon,Car,13,3.0,52.126858
13.97,Snowy,Low,Evening,Scooter,14,8.0,54.381725
3.48,Foggy,Low,Afternoon,Scooter,9,1.0,31.181816
10.73,Foggy,Low,Morning,Bike,6,6.0,35.96653
5.18,Clear,Medium,Afternoon,Car,9,2.0,29.886282
8.47,Foggy,Medium,Evening,Bike,24,0.0,67.59308
15.64,Rainy,Low,,Bike,20,4.0,135.35439
10.95,Snowy,,Afternoon,Bike,9,1.0,64.404755
19.29,Windy,Medium,Evening,Scooter,7,8.0,82.873405
2.59,Windy,Medium,,Bike,13,5.0,27.746622
3.98,Clear,High,Night,Car,19,3.0,41.366108
6.06,Foggy,Low,Afternoon,Scooter,10,8.0,40.29015
6.72,Foggy,Low,Evening,Bike,8,5.0,31.742676
19.04,Clear,Medium,Morning,Scooter,27,2.0,85.0752
14.28,Windy,High,Afternoon,Scooter,23,5.0,77.59349
16.26,Rainy,High,Morning,Bike,16,6.0,70.43409
4.25,Clear,Low,Afternoon,Bike,5,4.0,21.56514
12.26,Clear,Low,Afternoon,Bike,20,2.0,65.56956
19.81,Clear,Low,Afternoon,Bike,27,1.0,74.467964
18.2,Windy,Medium,Morning,Bike,27,1.0,107.725204
12.85,Rainy,Medium,Morning,Scooter,14,8.0,72.67097
6.91,Clear,Low,Evening,Bike,27,8.0,89.32366
9.64,Clear,Low,Morning,Bike,10,5.0,45.455605
9.64,Rainy,Medium,Evening,Bike,14,6.0,51.976906
2.28,Foggy,Medium,Morning,Scooter,27,6.0,44.052235
15.34,Rainy,Low,Afternoon,Bike,18,6.0,55.041656
3.22,Rainy,Medium,Night,Bike,14,8.0,33.873985
9.71,Clear,Low,Morning,Bike,8,1.0,47.83461
17.18,Clear,Medium,Night,Scooter,13,1.0,62.410656
5.3,Clear,Medium,Afternoon,Scooter,29,3.0,47.65973
10.0,Clear,Medium,Afternoon,Scooter,6,9.0,46.614094
10.75,Rainy,Medium,Morning,Bike,8,6.0,58.56243
9.49,Rainy,Medium,Morning,Car,23,6.0,53.82151
7.24,Clear,Medium,Afternoon,Bike,28,7.0,58.542763
16.09,Rainy,Low,Morning,Bike,21,8.0,68.14065
15.53,Clear,Low,Morning,Bike,26,6.0,81.06529
19.41,Windy,Low,Morning,Bike,11,8.0,63.869118
17.24,Clear,Low,Evening,Bike,17,5.0,68.33662
11.33,,Low,Morning,Bike,25,3.0,61.6347
18.23,Rainy,Low,Afternoon,Scooter,27,9.0,86.57919
1.17,Clear,Medium,Morning,Bike,16,9.0,25.035265
5.33,Clear,Low,Evening,Car,29,1.0,51.287094
4.14,Rainy,Low,Morning,Bike,23,2.0,41.170696
2.02,Clear,High,Evening,Bike,28,5.0,43.608574
14.46,Rainy,Medium,Morning,Scooter,11,9.0,68.62705
3.86,Clear,Medium,Afternoon,Bike,21,8.0,34.81795
12.59,Windy,Medium,Morning,Bike,13,9.0,61.19273
1.11,Clear,High,Morning,Scooter,22,8.0,35.1149
9.11,Clear,Low,Afternoon,Bike,19,6.0,42.030384
18.77,Snowy,Medium,Evening,Bike,24,0.0,114.75607
16.35,Foggy,Medium,Night,Bike,16,6.0,68.28842
6.22,Clear,Low,Afternoon,Bike,16,9.0,29.988691
7.78,Foggy,High,Afternoon,Bike,25,3.0,73.83588
0.88,Rainy,Low,Night,Car,27,2.0,37.05639
16.43,Clear,Low,Evening,Bike,13,5.0,60.459427
8.04,Clear,Medium,Evening,Car,27,0.0,64.016785
18.65,Foggy,Low,Night,Car,19,2.0,68.46463
5.73,Foggy,Low,Morning,Scooter,7,2.0,29.730719
12.42,Rainy,Low,Evening,Bike,28,9.0,77.595955
2.11,Clear,Low,Afternoon,Scooter,28,5.0,33.61799
18.62,Clear,Low,Evening,Scooter,27,6.0,76.00609
17.61,Clear,Medium,Morning,Scooter,19,3.0,85.06133
10.62,Rainy,Medium,Night,Bike,7,2.0,53.98718
18.83,,Medium,Night,Bike,8,0.0,68.50578
14.07,Clear,Medium,Morning,Bike,16,9.0,72.31371
9.29,Clear,Medium,Evening,Bike,10,9.0,40.099136
1.29,Rainy,Low,Evening,Bike,7,7.0,15.078495
4.08,Windy,Medium,Afternoon,Bike,7,0.0,32.807724
19.12,Windy,High,Evening,Car,8,0.0,92.00393
17.93,Clear,Medium,Afternoon,Bike,29,4.0,85.279305
2.33,,Low,Morning,Car,6,1.0,17.666622
3.18,Rainy,Medium,Evening,Bike,21,3.0,42.162014
1.97,Clear,High,Morning,Car,28,7.0,43.153687
6.2,Windy,High,Evening,Scooter,7,3.0,42.358105
1.02,Windy,High,Evening,Bike,6,8.0,21.066729
5.3,Clear,Low,Evening,Bike,16,5.0,31.668352
9.34,Rainy,Low,Evening,Car,10,0.0,40.332253
10.09,Clear,Medium,Evening,Bike,7,0.0,49.307583
15.35,Rainy,High,Night,Scooter,23,9.0,80.03728
17.12,Rainy,Low,Morning,Bike,26,3.0,88.28437
3.94,Snowy,Low,Afternoon,Bike,19,3.0,43.122524
18.02,Clear,,Evening,Car,12,3.0,77.70089
14.41,Snowy,Medium,Evening,Bike,8,8.0,74.19955
11.44,Rainy,Medium,Evening,Car,20,2.0,60.069912
15.23,Foggy,Low,Morning,Car,6,0.0,52.34175
1.95,Clear,Low,Morning,Scooter,16,2.0,23.363176
7.72,Rainy,Medium,Morning,Bike,11,,48.433308
11.78,Clear,Low,Afternoon,Scooter,26,3.0,68.16747
3.4,Windy,Medium,Morning,Bike,11,6.0,28.817614
2.14,Clear,High,Evening,Bike,18,3.0,34.338306
10.04,Rainy,High,Afternoon,Bike,12,9.0,59.399403
14.72,Clear,,Evening,Scooter,15,8.0,78.46243
3.7,Clear,Medium,Morning,Bike,28,7.0,45.172527
19.73,Rainy,Low,Evening,Bike,8,8.0,63.195198
10.83,Clear,Medium,Evening,Scooter,8,9.0,51.062737
16.3,Foggy,Low,Morning,Car,12,1.0,98.453384
5.98,Foggy,High,Morning,Bike,14,6.0,44.59671
5.98,Rainy,High,Morning,Bike,21,2.0,58.984917
4.14,Foggy,Medium,Morning,Bike,21,0.0,46.221184
16.68,,Medium,Afternoon,Bike,9,9.0,63.056202
18.69,Windy,Medium,Night,Bike,23,9.0,74.097404
18.44,Rainy,High,Morning,Bike,27,7.0,80.591606
13.0,Windy,High,Morning,Bike,22,8.0,64.76191
16.45,,Medium,Evening,Scooter,25,3.0,85.96352
16.17,Clear,Medium,Evening,Car,10,2.0,114.50746
17.88,Clear,Medium,Evening,Bike,29,3.0,97.01843
5.23,Clear,Medium,Morning,Scooter,19,4.0,37.929596
4.32,,Medium,Morning,Bike,17,4.0,38.288044
9.09,Rainy,Medium,Morning,Bike,6,7.0,42.902874
12.67,Windy,Medium,Morning,Scooter,7,3.0,45.837036
1.85,Clear,Medium,Evening,Bike,10,1.0,23.368113
7.51,Rainy,Low,Evening,Car,27,6.0,51.86848
6.58,Clear,Low,Afternoon,Bike,13,1.0,35.406094
12.7,Clear,Low,Morning,Scooter,22,2.0,57.297478
7.31,Foggy,Medium,Afternoon,Bike,26,2.0,65.3501
9.2,Clear,High,Morning,Scooter,9,9.0,47.39803
10.22,Foggy,Low,Afternoon,Scooter,21,0.0,60.87001
8.15,Clear,High,Evening,Scooter,12,9.0,44.981556
10.61,Clear,Medium,Morning,Bike,17,0.0,58.629612
7.73,Clear,High,Night,Bike,29,5.0,58.15884
19.66,Clear,Low,Morning,Car,19,6.0,69.945526
14.66,Snowy,High,Morning,Car,5,6.0,71.01487
9.73,Clear,Low,Afternoon,Bike,29,6.0,60.39821
14.52,Clear,Medium,Afternoon,Car,26,5.0,85.37372
5.93,Foggy,High,,Scooter,27,1.0,106.273056
4.94,Rainy,High,Evening,Scooter,28,4.0,61.386826
11.88,Rainy,High,Afternoon,Car,29,9.0,78.03099
19.41,Foggy,Medium,Morning,Car,7,6.0,65.93038
3.68,,High,Afternoon,Car,16,6.0,46.589474
11.06,Clear,High,Evening,Bike,6,9.0,52.907784
10.2,Rainy,Medium,Afternoon,Bike,18,9.0,55.89283
0.74,Rainy,Low,Morning,Car,13,4.0,21.010464
15.21,Snowy,Medium,Afternoon,Bike,20,9.0,89.586494
7.69,Rainy,High,Morning,Scooter,16,3.0,57.62637
11.21,Clear,High,Afternoon,Scooter,23,1.0,76.03589
6.18,Clear,Medium,Evening,Bike,9,9.0,33.093357
2.71,Clear,Medium,Morning,Car,6,5.0,19.400524
3.49,Clear,Medium,Morning,Bike,17,2.0,37.678722
9.29,Clear,Medium,Morning,Bike,17,2.0,48.906307
0.71,Foggy,Low,Night,Bike,29,1.0,40.89594
5.32,Rainy,Low,Afternoon,Scooter,27,2.0,47.763412
4.1,Clear,Medium,Evening,Car,18,3.0,39.00891
13.84,Clear,Low,Morning,Scooter,18,,63.306553
3.9,Rainy,High,Morning,Car,25,9.0,54.365517
18.6,Rainy,Medium,Morning,Car,28,9.0,77.08493
14.88,Snowy,Medium,Evening,Bike,10,0.0,76.91127
3.63,Windy,Medium,Morning,Car,22,9.0,38.74941
3.22,Windy,High,Morning,Car,7,7.0,39.306396
11.51,Foggy,Low,Afternoon,Car,5,7.0,56.292427
19.72,Rainy,Low,Afternoon,Bike,27,6.0,108.17309
11.08,Clear,Low,Evening,Scooter,28,2.0,57.73361
3.95,Clear,Medium,Morning,Car,28,5.0,46.717525
7.29,Clear,High,Evening,Car,11,7.0,47.74058
10.3,Clear,Low,Morning,Car,12,7.0,41.192646
10.73,Rainy,High,Afternoon,Car,27,6.0,82.76755
17.28,Clear,Low,Morning,Car,28,3.0,72.2233
13.37,Foggy,Medium,Evening,Scooter,16,9.0,71.214264
11.36,Clear,Medium,Morning,Scooter,8,2.0,48.842075
7.58,Clear,High,Afternoon,Scooter,19,9.0,54.485798
6.13,Rainy,High,,Bike,25,6.0,58.955677
2.32,Clear,Low,Afternoon,Scooter,23,1.0,32.375866
17.49,Rainy,Low,Evening,Bike,27,9.0,86.00082
1.69,Windy,,Afternoon,Car,11,7.0,19.614582
4.52,,Low,Evening,Car,17,0.0,69.70619
7.15,Windy,Low,Morning,Bike,15,3.0,40.73681
10.86,Windy,Medium,,Car,10,4.0,59.658302
15.88,Rainy,Low,Evening,Car,17,1.0,68.77877
9.7,Snowy,Low,Evening,Bike,6,,44.910023
14.95,Clear,Medium,Morning,Bike,13,7.0,50.288063
11.36,Foggy,Low,Afternoon,Bike,6,4.0,47.406116
12.14,Foggy,High,Afternoon,Bike,12,0.0,65.79206
16.31,Foggy,Medium,Afternoon,Car,14,7.0,77.329155
14.7,Clear,Medium,Evening,Scooter,24,5.0,75.426605
13.42,Rainy,Medium,Evening,Bike,6,6.0,101.90597
7.9,Clear,Low,Afternoon,Scooter,22,,48.8402
15.35,Foggy,Low,Morning,Car,5,3.0,56.16859
15.12,Foggy,Low,Morning,Bike,14,1.0,73.68139
0.82,Windy,Low,Morning,Car,18,9.0,23.346344
6.43,Clear,Low,Evening,Car,9,7.0,26.399868
8.66,Snowy,High,Morning,Bike,29,3.0,77.18143
11.16,Foggy,Medium,Afternoon,Car,21,4.0,76.75453
18.77,Foggy,Low,Afternoon,Car,15,,71.71076
5.84,Clear,,Evening,Bike,21,7.0,35.058754
1.01,Clear,High,Night,Bike,17,7.0,29.241455
3.92,Rainy,Medium,Night,Bike,20,9.0,40.34646
12.77,Foggy,Low,Morning,Bike,22,8.0,69.91196
2.33,Clear,Low,Evening,Bike,9,2.0,18.248844
2.92,Windy,High,Afternoon,Bike,24,4.0,48.188522
13.35,Rainy,Low,Evening,Scooter,14,4.0,89.15126
5.26,Rainy,Medium,Evening,Scooter,28,8.0,51.091675
4.39,Foggy,Medium,Night,Bike,12,8.0,44.654545
8.67,Windy,High,Morning,Bike,20,4.0,55.697517
16.53,Snowy,Low,Afternoon,Scooter,24,9.0,98.54577
13.47,Clear,Medium,Evening,Bike,19,4.0,62.238163
18.86,Snowy,Medium,Night,Bike,18,1.0,88.96398
12.81,Clear,Low,Morning,Bike,12,2.0,50.984947
2.4,Snowy,Low,Night,Scooter,27,5.0,42.10743
7.44,Rainy,Medium,Evening,Bike,6,1.0,38.856003
1.89,Clear,Medium,Evening,Scooter,13,7.0,21.86937
19.28,Snowy,Medium,Morning,Car,21,3.0,99.255875
6.29,,Medium,Morning,Scooter,10,7.0,38.281166
1.81,Clear,Medium,Afternoon,Car,23,3.0,34.200542
1.74,Clear,Medium,Night,Bike,23,2.0,34.217064
13.44,Clear,Medium,Morning,Car,22,1.0,77.054054
7.11,Clear,Low,Afternoon,Scooter,27,,48.651096
4.5,Windy,Low,Evening,Scooter,20,6.0,32.13879
8.31,Windy,Medium,Morning,Bike,6,5.0,44.26304
16.37,Clear,High,Morning,Bike,26,7.0,94.690544
9.78,Clear,Medium,Afternoon,Bike,18,3.0,56.837532
4.88,Windy,Medium,Afternoon,Scooter,26,7.0,47.391354
5.54,Rainy,Medium,,Scooter,28,9.0,51.09239
11.54,Clear,High,Afternoon,Car,10,0.0,56.05491
12.85,Clear,Low,Afternoon,Scooter,5,,53.95734
5.56,Clear,Low,Afternoon,Scooter,19,5.0,31.543943
3.33,,Medium,Evening,Scooter,24,2.0,43.270702
3.47,Snowy,High,Night,Bike,24,9.0,53.29051
12.01,Clear,Low,Morning,Scooter,26,6.0,58.43065
15.98,Foggy,Low,Morning,Car,21,6.0,90.51317
3.64,Clear,Low,Morning,Scooter,16,3.0,31.126635
19.47,Clear,Low,Morning,Bike,16,8.0,81.99939
15.51,Rainy,Medium,Morning,Scooter,10,8.0,80.757935
10.42,Windy,Medium,Afternoon,Bike,28,3.0,72.0732
15.9,Rainy,Low,Evening,Car,19,5.0,77.44694
15.17,Windy,Low,Morning,Bike,25,4.0,78.18453
2.78,Rainy,Low,,Bike,21,4.0,37.24731
1.98,Rainy,Low,Afternoon,Bike,22,0.0,38.831417
14.03,Clear,Low,Afternoon,Bike,17,2.0,65.03519
2.06,Foggy,Medium,Evening,Scooter,22,4.0,40.054348
11.02,Clear,High,Morning,Scooter,22,2.0,69.83342
17.95,Snowy,High,Morning,Scooter,16,,95.37058
5.17,Foggy,Low,Morning,Bike,29,0.0,56.13816
16.62,Snowy,Low,Afternoon,Bike,26,8.0,93.948456
0.71,Rainy,Low,Morning,Car,25,8.0,31.097538
13.44,Clear,,Evening,Scooter,9,5.0,53.325825
13.1,Clear,Low,Evening,Bike,28,2.0,71.44959
19.24,Rainy,High,Afternoon,Bike,9,7.0,75.25852
5.35,Clear,Medium,Afternoon,Scooter,24,6.0,43.613895
12.22,Clear,Low,Evening,Scooter,15,0.0,57.51949
18.55,Clear,Low,Afternoon,Car,11,9.0,68.64338
6.44,Clear,Low,Afternoon,Car,18,2.0,42.11417
8.77,Foggy,Medium,Evening,Car,14,7.0,49.359707
10.97,Clear,Low,Afternoon,Scooter,27,3.0,53.83699
6.68,Clear,High,Morning,Scooter,10,5.0,43.630432
12.93,Rainy,Low,Afternoon,Scooter,25,0.0,61.559345
7.99,Clear,Medium,Evening,Bike,18,4.0,44.630074
15.78,Clear,High,Afternoon,Scooter,12,1.0,68.40867
9.95,Windy,High,Evening,Scooter,21,5.0,71.66354
13.47,Rainy,Low,Afternoon,Scooter,7,6.0,48.687122
17.19,Clear,Medium,Afternoon,Bike,11,8.0,75.552444
3.23,Clear,High,Afternoon,Bike,17,9.0,33.281803
1.27,Foggy,High,Afternoon,Bike,25,9.0,46.07201
4.71,Clear,Low,Morning,Bike,20,6.0,32.380333
12.82,Rainy,Medium,Evening,Bike,28,9.0,72.33298
18.21,,Low,Evening,Bike,6,3.0,72.92022
9.51,Clear,High,Morning,Bike,26,9.0,62.865692
0.89,Rainy,Low,Morning,Car,9,0.0,19.871498
5.24,Windy,High,Afternoon,Scooter,26,8.0,51.347
10.64,Windy,Low,Evening,Car,11,9.0,36.08922
13.23,Clear,Medium,Night,Bike,20,8.0,68.83076
19.03,Clear,Medium,Morning,Scooter,8,8.0,65.2787
10.3,Rainy,Low,Evening,Bike,29,0.0,72.50615
12.39,Snowy,Medium,Evening,Bike,14,8.0,59.322914
18.8,Clear,High,Afternoon,Bike,23,7.0,94.57625
16.78,Rainy,Medium,Morning,Bike,22,1.0,70.74762
7.85,Clear,Low,Afternoon,Scooter,7,9.0,33.473133
11.63,Clear,Medium,Night,Scooter,29,7.0,60.276436
7.8,Windy,Medium,Afternoon,Car,17,6.0,44.296337
11.88,Rainy,Medium,Afternoon,Bike,5,1.0,62.69945
14.89,Clear,High,Evening,Car,22,9.0,88.12306
16.44,Rainy,High,Afternoon,Bike,12,,85.795044
2.65,,Medium,Afternoon,Car,14,4.0,33.906425
18.01,Foggy,High,Night,Bike,14,2.0,71.215385
10.32,Clear,Medium,Night,Car,24,5.0,50.142857
6.37,Rainy,Low,Afternoon,Car,29,4.0,56.180477
3.74,Rainy,Low,Morning,Bike,19,6.0,35.97196
17.99,Windy,High,Evening,Bike,5,1.0,73.1025
13.96,Rainy,Low,Night,Bike,5,1.0,43.1877
16.02,Clear,Low,Evening,Bike,20,7.0,62.065887
7.52,,Medium,Afternoon,Car,17,9.0,43.996315
2.51,Clear,Low,Morning,Bike,16,2.0,27.527035
6.7,Foggy,High,Morning,Scooter,23,3.0,59.478622
17.61,Windy,Low,Morning,Bike,5,8.0,60.717823
3.65,Clear,Medium,Morning,Bike,29,9.0,46.17707
14.27,Clear,Medium,Night,Car,24,3.0,77.454895
8.85,Clear,Low,Afternoon,Bike,11,9.0,44.86884
9.24,Windy,,Afternoon,Bike,8,2.0,48.678154
19.7,Rainy,Low,Evening,Car,16,6.0,66.81397
11.61,Clear,High,Morning,Car,19,1.0,66.30884
16.44,Windy,High,Afternoon,Car,8,0.0,80.3103
8.67,Rainy,High,Afternoon,Bike,12,7.0,102.43855
5.14,Clear,Medium,Evening,Scooter,23,7.0,42.803455
10.46,Clear,,Evening,Bike,25,3.0,67.095474
5.23,Clear,Medium,Morning,Scooter,23,2.0,45.312855
10.35,Clear,Medium,Night,Bike,7,9.0,47.028156
4.04,Rainy,High,Evening,Bike,14,6.0,39.177654
2.66,Clear,Low,Afternoon,Bike,16,8.0,21.873758
17.61,Foggy,Medium,Afternoon,Bike,9,5.0,74.00489
8.48,Clear,High,Night,Bike,11,5.0,41.414673
17.06,Clear,Low,Evening,Bike,9,9.0,65.111206
6.78,Foggy,Low,Night,Bike,18,6.0,42.35681
9.0,Snowy,Medium,Afternoon,Car,29,3.0,78.44453
12.74,Clear,Low,Afternoon,Scooter,12,0.0,61.9426
18.72,Rainy,Medium,Afternoon,Bike,17,0.0,89.35409
3.23,Clear,Low,,Bike,7,7.0,14.728535
12.56,Clear,Low,Morning,Car,22,8.0,50.444084
1.0,Snowy,Medium,Morning,Bike,28,0.0,50.90782
3.46,Clear,Low,Morning,Bike,24,6.0,37.67937
6.0,Snowy,Low,Morning,Car,20,8.0,52.302547
14.79,Clear,Medium,Morning,Scooter,12,9.0,63.805046
14.65,Snowy,High,Morning,Car,19,3.0,95.10037
14.2,Clear,Medium,Afternoon,Bike,17,1.0,71.7893
7.04,Clear,Low,Afternoon,Bike,11,8.0,36.775402
19.74,Clear,,Afternoon,Car,16,1.0,96.6996
11.88,Rainy,Medium,Evening,Bike,20,8.0,68.73566
18.63,Clear,Low,Evening,Bike,26,8.0,75.223816
8.8,Rainy,Medium,Afternoon,Bike,6,2.0,38.376907
11.75,Clear,High,Morning,Bike,9,2.0,54.652332
18.95,Snowy,Low,Morning,Car,27,0.0,92.31187
7.6,Foggy,Low,Morning,Bike,16,4.0,48.10801
17.99,Foggy,Low,Morning,Car,11,2.0,83.689545
13.82,Clear,Medium,Evening,Bike,21,9.0,70.83271
15.53,Foggy,Low,Evening,Bike,26,7.0,69.0403
3.97,Clear,High,Afternoon,Bike,19,8.0,40.398567
10.1,Clear,High,Morning,Car,17,6.0,55.016987
18.21,Foggy,Low,Morning,Bike,5,1.0,70.043564
2.68,Clear,Low,Morning,Bike,16,8.0,24.663504
3.88,Snowy,Low,Morning,Bike,9,6.0,44.013626
15.89,Snowy,Medium,Afternoon,Car,15,9.0,89.201614
6.73,Clear,Medium,Afternoon,Bike,21,1.0,52.398106
0.75,Clear,Medium,Afternoon,Bike,10,5.0,16.366928
13.79,Rainy,Low,Night,Scooter,11,0.0,68.1866
18.83,Clear,Medium,Evening,Scooter,5,8.0,69.180855
11.62,Clear,Low,Afternoon,Bike,9,8.0,35.97986
5.03,Clear,Medium,Morning,Bike,17,,37.724506
15.08,Rainy,Medium,Evening,Scooter,26,1.0,93.20921
10.48,Rainy,Low,Afternoon,Car,10,7.0,44.73192
7.82,Rainy,Medium,Evening,Bike,16,8.0,45.876957
16.98,Clear,Low,,Bike,11,6.0,76.56943
14.83,Rainy,Low,Morning,Car,19,4.0,124.78548
5.67,Clear,Low,Morning,Scooter,11,9.0,28.508322
18.33,Snowy,Medium,Morning,Scooter,5,5.0,67.130775
17.46,Clear,Medium,Morning,Scooter,6,,61.51666
1.34,Foggy,High,Evening,Bike,9,5.0,30.601868
1.38,Clear,Low,Morning,Scooter,13,9.0,17.031416
3.67,Clear,Low,,Bike,9,0.0,25.921759
7.86,Windy,Medium,Morning,Car,22,2.0,55.07685
8.98,Clear,Medium,Afternoon,Scooter,22,8.0,104.15805
12.85,Rainy,Medium,Evening,Scooter,6,7.0,61.030773
17.91,Clear,Low,Afternoon,Bike,6,7.0,67.80584
15.09,Snowy,Low,Morning,Car,20,7.0,69.516235
4.22,Clear,Medium,Morning,Bike,16,7.0,35.601063
12.33,Clear,High,Night,Bike,7,2.0,98.84016
17.87,Snowy,Low,Morning,Scooter,29,4.0,87.36383
2.16,Clear,Medium,Night,Car,10,1.0,22.39811
3.11,Rainy,Medium,Morning,Scooter,21,1.0,42.721558
1.42,Clear,High,Afternoon,Scooter,24,2.0,39.94254
18.57,Rainy,Medium,Afternoon,Bike,16,7.0,85.98132
17.51,Clear,Medium,Evening,Bike,15,3.0,61.640736
6.84,Clear,Medium,Evening,Bike,25,1.0,51.801365
18.34,Snowy,Medium,Afternoon,Scooter,22,,90.817764
3.51,Windy,Medium,Night,Bike,22,2.0,42.991215
14.7,Clear,Medium,Morning,Scooter,6,2.0,57.271885
16.85,Clear,High,Morning,Car,17,4.0,74.13866
16.26,Rainy,Low,Morning,Car,27,5.0,67.31226
19.1,Snowy,Medium,Morning,Bike,25,6.0,91.11945
13.71,Rainy,Medium,Evening,Bike,22,9.0,65.946335
8.92,Clear,Medium,,Bike,10,1.0,49.844852
14.58,Clear,Low,Evening,Bike,23,0.0,69.61692
9.71,Clear,Low,Afternoon,Car,27,5.0,59.992786
19.94,Clear,Low,Afternoon,Bike,26,6.0,82.999245
4.53,Snowy,Medium,Morning,Scooter,18,4.0,48.71065
10.7,Clear,High,Afternoon,Car,8,4.0,57.11561
10.13,Clear,Medium,Evening,Bike,22,0.0,64.1886
0.78,Clear,Low,Afternoon,Bike,11,0.0,17.87539
18.84,Foggy,Medium,Afternoon,Scooter,25,8.0,87.843254
15.08,Snowy,Low,Evening,Bike,29,7.0,83.832275
17.32,Clear,Low,Evening,Scooter,10,3.0,79.44463
6.81,Clear,Medium,Evening,Bike,23,2.0,47.85989
2.79,Clear,High,Morning,Bike,23,7.0,38.46776
11.44,Foggy,High,Afternoon,Car,14,4.0,73.70944
2.44,Snowy,High,Evening,Bike,13,9.0,39.58751
2.48,Rainy,Low,Evening,Scooter,20,8.0,30.003254
7.75,,Medium,Evening,Scooter,21,1.0,54.710377
0.85,Clear,Medium,Morning,Bike,9,8.0,16.902216
8.87,Clear,Low,Evening,Bike,19,3.0,54.70484
15.37,Snowy,Medium,Afternoon,Car,15,5.0,67.24934
10.29,Foggy,Medium,Evening,Scooter,25,4.0,67.95315
15.06,Rainy,Low,Morning,Bike,22,4.0,88.09958
3.54,Foggy,Low,,Bike,23,7.0,37.200607
7.17,Clear,Medium,Morning,Scooter,7,9.0,30.620712
4.62,Rainy,Medium,Afternoon,Car,8,3.0,33.203194
5.53,Clear,Low,Morning,Car,10,8.0,26.854843
12.74,Rainy,Low,Afternoon,Bike,17,9.0,62.89263
9.06,Clear,High,Evening,Bike,26,3.0,61.27044
2.71,Foggy,Low,Morning,Bike,6,0.0,27.925869
16.92,Clear,Low,Night,Bike,23,5.0,76.028534
13.54,Foggy,Low,Morning,Bike,11,1.0,64.796036
1.0,Snowy,Medium,Morning,Bike,25,4.0,44.1857
8.77,Clear,Medium,Morning,Car,12,2.0,44.190575
16.01,Windy,Low,Morning,Car,28,0.0,83.45741
12.63,Foggy,Medium,Night,Scooter,8,8.0,48.768875
8.09,Foggy,Low,Evening,Car,22,2.0,56.124104
6.54,Clear,Medium,Night,Bike,10,7.0,37.995518
10.64,Clear,Medium,Afternoon,Scooter,14,5.0,45.62517
1.77,Clear,Medium,Evening,Bike,14,9.0,22.89753
13.0,Foggy,Low,Evening,Bike,25,7.0,75.19319
12.83,Clear,Low,Evening,Bike,5,8.0,50.260193
13.02,Snowy,High,Afternoon,Car,6,9.0,65.05081
18.89,Rainy,Medium,Morning,Scooter,22,1.0,74.70439
10.53,Foggy,High,Evening,Bike,25,8.0,71.9771
5.01,Rainy,Low,Afternoon,Bike,10,5.0,30.719988
16.0,Foggy,Medium,Afternoon,Scooter,13,3.0,66.22999
17.86,Clear,Low,Afternoon,Scooter,16,8.0,80.46497
2.99,Foggy,High,Afternoon,Bike,9,5.0,88.611855
16.38,Clear,Medium,Morning,Bike,6,2.0,53.370964
6.09,Clear,Medium,Night,Bike,7,4.0,27.651869
13.61,Clear,Low,Morning,Bike,26,0.0,66.73152
8.5,Snowy,High,Evening,Bike,14,7.0,55.510895
8.55,Clear,Low,Evening,Scooter,28,8.0,46.62952
4.05,Clear,Medium,Afternoon,Scooter,21,5.0,39.11597
19.5,Clear,High,Morning,Bike,18,2.0,73.10431
7.59,Clear,,Afternoon,Scooter,16,3.0,37.857246
16.66,Snowy,High,Afternoon,Scooter,29,7.0,94.97015
19.41,Snowy,High,Evening,Car,21,3.0,100.19541
13.74,Foggy,Medium,Afternoon,Bike,6,1.0,55.96795
0.64,Clear,High,Night,Bike,10,3.0,24.180447
12.1,Clear,High,Afternoon,Bike,11,0.0,63.455437
12.09,Clear,Medium,Morning,Car,13,1.0,59.461807
11.82,Windy,Medium,Night,Bike,24,7.0,75.36239
5.28,Foggy,Low,Morning,Bike,27,6.0,52.62417
5.98,Clear,Low,Evening,Car,22,9.0,35.88588
2.93,Clear,Medium,Morning,Bike,24,8.0,89.18269
4.05,Snowy,Medium,Evening,Scooter,19,2.0,49.69451
13.61,Clear,Low,,Scooter,12,2.0,45.307972
2.88,Rainy,,Morning,Car,16,4.0,40.20252
5.91,Clear,Medium,Evening,Scooter,29,4.0,54.640503
6.0,Rainy,Medium,Evening,Scooter,21,2.0,47.504364
11.33,Clear,Medium,Afternoon,Scooter,29,7.0,75.220764
15.01,Clear,Medium,Morning,Bike,15,6.0,63.325703
6.85,Clear,High,Morning,Bike,16,5.0,48.15445
11.93,Snowy,High,Morning,Car,7,1.0,75.14091
18.82,Windy,Low,Morning,Car,5,3.0,76.83868
1.03,Clear,Medium,Afternoon,Bike,19,4.0,27.871399
14.22,Rainy,,Evening,Car,25,8.0,83.45482
18.18,Snowy,High,,Bike,17,3.0,85.53628
14.75,Clear,Low,Morning,Car,10,7.0,61.910202
11.7,Rainy,Low,Afternoon,Bike,17,5.0,60.526924
10.68,Clear,Low,Morning,Bike,14,1.0,42.777905
1.51,Clear,High,Evening,Bike,26,1.0,43.970078
8.01,Clear,High,Morning,Bike,8,6.0,46.844303
3.23,Rainy,Low,Morning,Car,25,7.0,42.177303
13.16,Rainy,High,Morning,Scooter,25,8.0,68.41089
10.11,Windy,Low,Morning,Bike,11,4.0,46.953148
18.39,Windy,Low,Afternoon,Bike,24,6.0,74.46407
10.62,Windy,Medium,Afternoon,Car,22,5.0,55.807636
10.73,Clear,,Afternoon,Bike,7,5.0,56.067894
6.23,Clear,Medium,Evening,Car,20,1.0,50.442722
2.14,Clear,Low,Afternoon,Bike,25,1.0,35.472755
12.83,Clear,Medium,Morning,Bike,19,2.0,74.482346
8.37,Clear,High,Evening,Scooter,13,7.0,42.66624
3.69,Rainy,Medium,Afternoon,Bike,8,8.0,27.271318
18.1,Clear,Low,Morning,Scooter,8,5.0,76.39428
7.06,Clear,Low,Afternoon,Scooter,26,5.0,50.611916
1.94,Foggy,Low,Night,Bike,10,1.0,25.788258
0.59,Clear,Low,Afternoon,Bike,21,0.0,27.147085
17.01,Snowy,Low,Night,Bike,28,6.0,96.50168
5.36,Clear,Low,Afternoon,Scooter,11,4.0,28.362442
12.0,Clear,Low,Evening,Car,25,0.0,74.40548
16.23,Clear,Medium,Evening,Bike,6,0.0,54.176113
19.04,Rainy,Low,Evening,Car,12,6.0,59.82603
18.33,Foggy,Medium,Morning,Scooter,19,0.0,97.55521
2.58,Clear,Medium,Morning,Scooter,25,7.0,37.124863
4.65,Clear,Medium,Evening,Bike,21,1.0,44.88656
17.33,Snowy,Low,Evening,Scooter,12,3.0,73.44484
0.68,Snowy,High,Evening,Bike,29,8.0,50.044174
19.33,Clear,Medium,Morning,Bike,7,8.0,72.71575
3.42,Clear,Medium,Night,Car,11,9.0,24.283268
19.02,Rainy,High,Evening,Scooter,22,1.0,105.82452
17.81,Windy,High,Evening,Bike,21,4.0,119.41884
2.67,Clear,Medium,Night,Car,17,6.0,27.666988
19.24,Snowy,Low,,Bike,26,1.0,114.13707
14.41,Rainy,,Night,Bike,16,6.0,83.27207
2.41,,Medium,Evening,Bike,15,9.0,25.19939
17.98,Clear,Low,Evening,Bike,5,8.0,45.355244
7.34,Foggy,Medium,Afternoon,Bike,22,5.0,84.26281
12.51,Clear,Medium,Evening,Bike,18,5.0,63.26324
4.97,Rainy,Low,Evening,Bike,17,9.0,33.486347
19.1,Snowy,Low,Afternoon,Bike,18,1.0,100.46056
4.64,Clear,Low,Afternoon,Bike,15,9.0,25.009
14.07,Rainy,Low,Evening,Bike,10,5.0,63.667706
3.79,Clear,Medium,Morning,Bike,13,2.0,28.486473
3.96,Clear,Medium,Afternoon,Bike,23,,43.67251
18.31,Clear,Medium,Afternoon,Bike,25,3.0,80.53251
6.76,Foggy,Medium,Night,Bike,7,6.0,41.42013
0.76,Clear,Low,Afternoon,Car,26,9.0,28.01715
5.81,Rainy,Medium,Evening,Bike,14,8.0,41.02979
12.08,Clear,High,Afternoon,Scooter,16,4.0,60.47666
1.57,Rainy,Low,Evening,Car,16,1.0,30.040054
11.89,Clear,Medium,Afternoon,Bike,28,0.0,79.03979
7.02,Clear,Medium,Evening,Car,23,2.0,53.391537
13.85,Clear,Low,Evening,Bike,29,5.0,70.08918
9.32,Rainy,Medium,Evening,Scooter,24,2.0,68.833
7.72,Foggy,High,Evening,Bike,19,4.0,64.24269
8.15,Rainy,Low,Afternoon,Bike,26,2.0,51.086147
3.54,Rainy,Medium,Afternoon,Scooter,17,4.0,41.0149
3.16,Snowy,Low,Morning,Car,9,,27.026066
11.65,Windy,Low,Night,Bike,10,3.0,52.690678
5.22,Snowy,Medium,,Scooter,14,3.0,42.928555
5.41,Clear,High,Morning,Scooter,17,6.0,38.203907
9.88,Rainy,Medium,Morning,Car,7,0.0,43.096054
19.86,Rainy,High,Evening,Bike,12,8.0,70.721855
5.53,Windy,High,Morning,Bike,23,4.0,57.048565
12.46,Foggy,Low,Afternoon,Bike,10,1.0,61.55485
1.38,Clear,Medium,Morning,Car,6,3.0,16.755676
10.79,Clear,Medium,Evening,Scooter,24,1.0,64.912186
14.23,Clear,Medium,Afternoon,Scooter,23,7.0,70.968475
1.21,Snowy,Low,Afternoon,Bike,22,1.0,39.25397
11.1,Clear,Low,Afternoon,Bike,18,7.0,56.126617
17.1,Clear,Medium,Evening,Bike,25,5.0,69.29417
3.22,Clear,Medium,Afternoon,Bike,19,9.0,31.595686
19.27,Foggy,Medium,Morning,Car,29,9.0,84.77983
2.82,Rainy,Medium,Evening,Scooter,10,1.0,30.252417
7.67,Foggy,Medium,Afternoon,Scooter,22,8.0,61.75924
16.07,Clear,Medium,Evening,Bike,16,5.0,63.426395
7.97,Windy,Medium,Evening,Scooter,9,8.0,35.409657
18.0,Rainy,High,Night,Car,22,,97.92969
16.17,Clear,Medium,Evening,Scooter,12,2.0,78.49263
14.86,,High,Night,Scooter,15,4.0,90.47122
11.68,Clear,,Afternoon,Scooter,25,7.0,68.11132
12.59,Clear,Low,Evening,Scooter,10,2.0,40.09384
8.96,Snowy,,Morning,Car,6,5.0,51.141632
16.51,Clear,Medium,Morning,Bike,7,1.0,78.39801
16.01,Clear,Low,Afternoon,Car,12,4.0,74.03368
19.74,Rainy,High,Afternoon,Scooter,11,7.0,81.81062
8.64,Snowy,Low,Evening,Bike,29,4.0,61.669888
5.13,Clear,Medium,Morning,Car,16,1.0,38.392967
5.78,Clear,High,Morning,Bike,11,5.0,38.45086
2.6,Clear,Low,Afternoon,Bike,16,1.0,28.967821
2.34,Foggy,Medium,Morning,Bike,8,2.0,28.318087
12.93,Clear,Medium,Morning,Scooter,20,8.0,60.8184
1.6,Clear,Medium,Evening,Bike,14,8.0,24.326172
7.44,Rainy,Low,Evening,Bike,27,,53.92725
14.39,Rainy,Medium,Morning,Scooter,6,,50.163357
6.07,,Low,Afternoon,Bike,18,4.0,34.80378
17.97,Windy,Medium,Morning,Scooter,28,7.0,91.21131
17.53,Clear,Low,Afternoon,Bike,14,6.0,77.096664
12.43,Rainy,High,Morning,Bike,13,6.0,69.6425
10.89,Windy,Medium,Evening,Bike,7,0.0,57.623734
4.37,Clear,Medium,Evening,Scooter,6,7.0,23.11343
8.5,Clear,High,Evening,Car,13,3.0,53.297195
16.28,Rainy,Low,Morning,Scooter,8,9.0,70.954094
15.62,Snowy,High,Evening,Scooter,26,2.0,81.12787
14.17,Clear,Low,Afternoon,Bike,8,0.0,54.891273
6.63,Foggy,Low,Night,Scooter,24,3.0,56.998734
