Order_ID,Distance_km,Weather,Traffic_Level,Time_of_Day,Vehicle_Type,Preparation_Time_min,Courier_Experience_yrs,Delivery_Time_min
940,11.74,Clear,Low,Afternoon,Car,20,1.0,52
882,13.6,Foggy,High,Evening,Bike,9,7.0,61
14,4.64,Clear,Low,Afternoon,Bike,15,9.0,24
570,7.29,Clear,High,Evening,Car,11,7.0,48
472,19.41,Snowy,High,Evening,Car,21,3.0,100
673,2.06,Foggy,Medium,Evening,Scooter,22,4.0,40
270,6.23,Clear,Medium,Evening,Car,20,1.0,51
167,6.76,Foggy,Medium,Night,Bike,7,6.0,42
762,6.58,Foggy,Low,Evening,Car,6,7.0,27
776,3.42,Clear,Medium,Night,Car,11,9.0,24
188,11.33,Clear,Medium,Afternoon,Scooter,29,7.0,77
348,1.38,Clear,Low,Morning,Scooter,13,9.0,17
847,2.16,Clear,Medium,Night,Car,10,1.0,23
896,4.5,Snowy,High,Evening,Bike,24,0.0,66
664,5.13,Clear,Medium,Morning,Car,16,1.0,38
236,14.59,Clear,Medium,Morning,Bike,15,6.0,64
612,16.09,Rainy,Low,Morning,Bike,21,8.0,66
575,17.32,Clear,Low,Evening,Scooter,10,3.0,77
410,2.28,Foggy,Medium,Morning,Scooter,27,6.0,44
894,8.25,Clear,Medium,Afternoon,Bike,7,9.0,28
238,0.97,Clear,Low,Night,Scooter,24,8.0,26
98,8.84,Clear,,Morning,Bike,26,0.0,57
422,15.9,Rainy,Low,Evening,Car,19,5.0,78
133,2.84,Clear,Medium,Night,Scooter,28,1.0,44
979,10.18,Foggy,Medium,Morning,Bike,25,3.0,73
859,11.51,Foggy,Low,Afternoon,Car,5,7.0,57
339,9.75,Clear,Low,Afternoon,Bike,22,7.0,50
655,8.92,Clear,Medium,,Bike,10,1.0,51
440,2.09,Rainy,Low,Night,Bike,23,2.0,36
150,5.93,Foggy,High,,Scooter,27,1.0,106
599,4.25,Clear,Low,Afternoon,Bike,5,4.0,22
179,18.77,Snowy,Medium,Evening,Bike,24,0.0,115
849,10.29,Foggy,Medium,Evening,Scooter,25,4.0,67
868,4.05,Clear,Medium,Evening,Bike,20,,44
73,0.61,Clear,Low,Afternoon,Scooter,10,0.0,16
762,6.58,Foggy,Low,Evening,Car,6,7.0,27
503,6.54,Clear,Medium,Night,Bike,10,7.0,39
56,18.48,Clear,Medium,Night,Bike,8,0.0,82
313,0.99,,Medium,Evening,Bike,15,,32
771,2.66,Clear,Low,Afternoon,Bike,16,8.0,21
828,7.27,Windy,Low,Afternoon,Bike,10,5.0,35
241,18.84,Foggy,Medium,Afternoon,Scooter,25,8.0,88
296,10.68,Clear,Low,Morning,Bike,14,1.0,42
978,1.5,Clear,Low,Afternoon,Bike,10,1.0,17
79,7.49,Clear,,Morning,Scooter,13,9.0,45
764,15.01,Clear,Medium,Morning,Bike,15,6.0,64
952,13.47,Clear,Medium,Evening,Bike,19,4.0,59
399,15.14,Rainy,Medium,Morning,Bike,8,6.0,66
107,8.5,Clear,High,Evening,Car,13,3.0,54
577,3.37,Clear,High,Morning,Bike,9,,28
784,7.24,Rainy,Medium,Evening,Bike,28,6.0,65
107,8.5,Clear,High,Evening,Car,13,3.0,54
962,12.26,Clear,Low,Afternoon,Bike,20,2.0,66
127,16.45,,Medium,Evening,Scooter,25,3.0,87
927,5.74,Rainy,High,Evening,Bike,13,9.0,46
574,12.63,Foggy,Medium,Night,Scooter,8,8.0,49
530,17.36,Rainy,High,Afternoon,Bike,24,1.0,105
722,4.03,Clear,Medium,Evening,Bike,9,5.0,25
803,11.74,Clear,High,Evening,Car,6,3.0,54
441,2.15,Windy,Medium,Afternoon,Car,17,6.0,30
733,13.47,Rainy,Low,Afternoon,Scooter,7,6.0,46
247,8.85,Clear,Low,Afternoon,Bike,11,9.0,45
720,14.75,Clear,Low,Morning,Car,10,7.0,62
878,13.35,Rainy,Low,Evening,Scooter,14,4.0,91
992,14.05,Clear,High,Morning,Scooter,19,0.0,72
898,17.98,Clear,Low,Evening,Bike,5,8.0,45
351,10.31,Foggy,Medium,Morning,Scooter,19,5.0,62
215,14.39,Rainy,Medium,Morning,Scooter,6,,50
142,5.41,Clear,Medium,Night,Bike,14,5.0,36
501,14.11,Rainy,High,Morning,Scooter,24,3.0,93
993,5.81,Rainy,Medium,Evening,Bike,14,8.0,41
746,18.04,Clear,Medium,Morning,Bike,8,5.0,71
369,4.32,Clear,Low,Morning,Bike,21,9.0,34
590,3.46,Snowy,Medium,Morning,Scooter,23,3.0,48
414,11.68,Clear,,Afternoon,Scooter,25,7.0,70
403,10.35,Clear,Medium,Night,Bike,7,9.0,48
604,2.23,Clear,Low,Morning,Bike,7,6.0,14
297,15.51,Clear,Low,Evening,Bike,17,9.0,69
126,8.83,,Medium,Evening,Scooter,12,3.0,109
887,13.23,Clear,Medium,Night,Bike,20,8.0,70
669,4.14,Clear,Medium,Morning,Scooter,14,2.0,30
904,11.87,Clear,Medium,Morning,Bike,10,6.0,43
352,17.2,Rainy,High,Afternoon,Scooter,14,2.0,94
981,7.02,Clear,Medium,Evening,Car,23,2.0,53
625,12.56,Clear,Low,Morning,Car,22,8.0,49
354,3.68,,High,Afternoon,Car,16,6.0,47
875,1.0,Snowy,Medium,Morning,Bike,28,0.0,51
60,6.84,Rainy,Medium,Night,Car,14,8.0,47
681,16.43,Clear,Low,Evening,Bike,13,5.0,56
135,18.89,Rainy,Medium,Morning,Scooter,22,1.0,74
979,10.18,Foggy,Medium,Morning,Bike,25,3.0,73
876,3.54,Rainy,Medium,Afternoon,Scooter,17,4.0,41
808,18.55,Clear,Low,Afternoon,Car,11,9.0,69
875,1.0,Snowy,Medium,Morning,Bike,28,0.0,51
504,16.37,Clear,High,Morning,Bike,26,7.0,97
28,10.53,Foggy,High,Evening,Bike,25,8.0,72
157,13.61,Clear,Low,,Scooter,12,2.0,43
701,10.89,Windy,Medium,Evening,Bike,7,0.0,58
825,10.98,Rainy,Low,Morning,Scooter,10,6.0,55
538,5.32,Rainy,Low,Afternoon,Scooter,27,2.0,48
303,11.04,Clear,Medium,Afternoon,Scooter,8,2.0,54
540,3.02,Rainy,Medium,Morning,Bike,23,1.0,46
173,10.49,Rainy,Low,Morning,Bike,28,9.0,66
324,5.96,Clear,Low,Afternoon,Bike,26,6.0,48
796,17.51,Clear,Medium,Evening,Bike,15,3.0,60
592,13.0,Windy,High,Morning,Bike,22,8.0,65
480,10.7,Clear,Medium,Afternoon,Scooter,8,5.0,44
706,19.8,Clear,High,Evening,Bike,7,3.0,88
309,16.01,Clear,Low,Afternoon,Car,12,4.0,72
479,19.4,Snowy,,Afternoon,Scooter,23,9.0,92
204,18.02,Clear,,Evening,Car,12,3.0,77
919,15.39,Clear,Medium,Evening,Scooter,24,5.0,89
639,5.75,Windy,High,Morning,Scooter,7,4.0,37
616,18.46,Rainy,Low,Morning,Bike,19,9.0,94
320,5.38,Clear,Medium,Evening,Scooter,26,1.0,47
475,10.79,Clear,Medium,Evening,Scooter,24,1.0,65
656,2.99,Windy,Medium,Morning,Bike,27,5.0,41
584,6.91,Clear,Medium,Evening,Scooter,28,9.0,56
568,9.03,Clear,Low,,Bike,11,5.0,43
506,3.67,Clear,Low,,Bike,9,0.0,26
264,10.61,Clear,Medium,Morning,Bike,17,0.0,59
963,5.28,Foggy,Low,Morning,Bike,27,6.0,53
549,10.65,Clear,,Afternoon,Scooter,23,8.0,58
49,11.16,Foggy,Medium,Afternoon,Car,21,4.0,77
292,1.23,Clear,Low,Evening,Bike,18,6.0,21
166,16.79,Foggy,High,Afternoon,Bike,24,6.0,85
319,3.55,Clear,Medium,Evening,Bike,23,0.0,43
890,5.24,Windy,High,Afternoon,Scooter,26,8.0,51
748,11.1,Clear,Low,Afternoon,Bike,18,7.0,56
954,18.33,Snowy,Medium,Morning,Scooter,5,5.0,67
92,14.41,Rainy,,Night,Bike,16,6.0,85
624,9.95,Windy,High,Evening,Scooter,21,5.0,72
4,12.17,Snowy,Low,Evening,Bike,20,8.0,68
435,2.14,Clear,High,Evening,Bike,18,3.0,34
288,11.08,Clear,Low,Evening,Scooter,28,2.0,58
933,19.7,Rainy,Low,Evening,Car,16,6.0,66
314,19.27,Foggy,Medium,Morning,Car,29,9.0,85
993,5.81,Rainy,Medium,Evening,Bike,14,8.0,41
528,5.83,Clear,High,Evening,Car,27,9.0,56
877,14.46,Rainy,Medium,Morning,Scooter,11,9.0,68
723,1.8,Clear,,Night,Bike,14,1.0,28
82,12.65,Clear,Low,Evening,Bike,15,4.0,66
4,12.17,Snowy,Low,Evening,Bike,20,8.0,68
862,9.34,Rainy,Low,Evening,Car,10,0.0,40
633,10.48,Rainy,Low,Afternoon,Car,10,7.0,45
919,15.39,Clear,Medium,Evening,Scooter,24,5.0,89
519,19.75,Clear,Medium,Morning,Bike,25,1.0,103
798,11.52,,Medium,Morning,Scooter,25,2.0,58
725,11.7,Rainy,Low,Afternoon,Bike,17,5.0,60
895,13.53,Rainy,Low,Evening,Bike,28,8.0,78
380,6.0,Rainy,Medium,Evening,Scooter,21,2.0,47
101,1.11,Clear,High,Morning,Scooter,22,8.0,35
205,12.33,Clear,Medium,Evening,Bike,22,9.0,75
268,14.2,Clear,Medium,Afternoon,Bike,17,1.0,73
893,16.69,Foggy,Medium,Evening,Scooter,8,2.0,65
753,12.74,Clear,Low,Afternoon,Scooter,12,0.0,63
626,7.69,Rainy,High,Morning,Scooter,16,3.0,58
886,3.98,Clear,High,Night,Car,19,3.0,41
20,6.18,Clear,Medium,Evening,Bike,9,9.0,35
406,17.96,Clear,,Evening,Scooter,26,0.0,74
897,6.22,Rainy,Medium,Morning,Bike,15,0.0,49
69,1.95,Clear,Low,Morning,Scooter,16,2.0,23
772,17.01,Snowy,Low,Night,Bike,28,6.0,97
727,3.23,Rainy,Low,Morning,Car,25,7.0,42
718,19.32,Rainy,High,Morning,Car,21,7.0,112
690,4.15,,Medium,Morning,Car,17,8.0,46
988,8.98,Clear,Medium,Afternoon,Scooter,22,8.0,105
10,14.31,Clear,Medium,Morning,Bike,9,8.0,47
521,12.09,Clear,Medium,Morning,Car,13,1.0,60
821,16.16,Clear,High,Afternoon,Bike,11,1.0,82
317,8.47,Rainy,Low,Afternoon,Scooter,19,0.0,48
370,1.85,Clear,Medium,Evening,Bike,10,1.0,24
505,13.85,Clear,Low,Evening,Bike,29,5.0,71
602,5.93,Clear,Low,Afternoon,Scooter,19,3.0,36
464,11.88,Rainy,Medium,Afternoon,Bike,5,1.0,63
346,12.51,Clear,Medium,Evening,Bike,18,5.0,62
730,3.69,Rainy,Medium,Afternoon,Bike,8,8.0,27
259,11.62,Clear,Low,Afternoon,Bike,9,8.0,33
502,10.95,Clear,Medium,Evening,Scooter,24,4.0,55
667,5.3,Clear,Low,Evening,Bike,16,5.0,32
105,18.2,Windy,Medium,Morning,Bike,27,1.0,108
883,0.88,Rainy,Low,Night,Car,27,2.0,37
388,3.96,Clear,Medium,Afternoon,Bike,23,,44
85,6.56,Windy,Medium,,Bike,14,1.0,47
459,1.6,Clear,Medium,Evening,Bike,14,8.0,24
911,12.01,Clear,Low,Morning,Car,5,7.0,42
647,12.08,Clear,High,Afternoon,Scooter,16,4.0,60
75,14.28,Windy,High,Afternoon,Scooter,23,5.0,77
163,12.85,Clear,Low,Afternoon,Scooter,5,,54
334,2.76,Windy,Medium,Morning,Scooter,8,5.0,22
848,19.94,Clear,Low,Afternoon,Bike,26,6.0,83
885,16.1,Clear,Low,Evening,Bike,25,0.0,64
898,17.98,Clear,Low,Evening,Bike,5,8.0,45
111,6.15,Foggy,Low,Evening,Scooter,26,5.0,48
945,4.53,Snowy,Medium,Morning,Scooter,18,4.0,49
1000,9.2,Clear,High,Morning,Scooter,9,9.0,48
812,16.86,Snowy,Medium,Afternoon,Car,13,4.0,88
494,4.17,,Low,Evening,Scooter,5,1.0,22
710,13.79,Rainy,Low,Night,Scooter,11,0.0,69
325,19.12,Windy,High,Evening,Car,8,0.0,92
709,5.47,Rainy,Low,Morning,Car,21,6.0,38
905,8.72,Snowy,Medium,Evening,Car,18,7.0,64
323,13.37,Foggy,Medium,Evening,Scooter,16,9.0,71
881,5.01,Rainy,Low,Afternoon,Bike,10,5.0,31
583,10.11,Rainy,,Afternoon,Scooter,23,2.0,63
167,6.76,Foggy,Medium,Night,Bike,7,6.0,42
864,9.09,Rainy,Medium,Morning,Bike,6,7.0,43
917,6.24,,Medium,Evening,Bike,15,3.0,52
799,14.08,Clear,High,Morning,Bike,28,6.0,66
724,14.95,Clear,Medium,Morning,Bike,13,7.0,49
97,10.69,Clear,Medium,Night,Bike,25,9.0,67
180,3.18,Rainy,Medium,Evening,Bike,21,3.0,42
13,16.73,Windy,High,Afternoon,Scooter,9,7.0,71
22,3.22,Clear,Medium,Afternoon,Bike,19,9.0,32
338,14.22,Rainy,,Evening,Car,25,8.0,84
88,12.93,Clear,Medium,Morning,Scooter,20,8.0,58
611,1.27,Foggy,High,Afternoon,Bike,25,9.0,46
188,11.33,Clear,Medium,Afternoon,Scooter,29,7.0,77
367,19.24,Snowy,Low,,Bike,26,1.0,114
909,5.56,Clear,Low,Afternoon,Scooter,19,5.0,31
361,8.07,Windy,Low,Evening,Bike,21,4.0,48
169,1.3,Clear,Medium,Evening,Bike,22,4.0,31
964,8.09,Clear,High,Afternoon,Scooter,15,4.0,51
747,7.99,Clear,Medium,Evening,Bike,18,4.0,42
976,5.61,Windy,Low,Night,Bike,25,9.0,48
594,7.24,Clear,Medium,Afternoon,Bike,28,7.0,57
192,18.0,Rainy,High,Night,Car,22,,98
73,0.61,Clear,Low,Afternoon,Scooter,10,0.0,16
108,15.23,Snowy,High,Morning,Bike,5,0.0,62
554,11.44,Foggy,High,Afternoon,Car,14,4.0,74
896,4.5,Snowy,High,Evening,Bike,24,0.0,66
779,14.54,Clear,Medium,Evening,Bike,29,2.0,73
858,9.71,Clear,Low,Afternoon,Car,27,5.0,61
834,3.94,Snowy,Low,Afternoon,Bike,19,3.0,43
608,7.6,Foggy,Low,Morning,Bike,16,4.0,48
581,9.45,Clear,Low,Afternoon,Car,13,0.0,49
882,13.6,Foggy,High,Evening,Bike,9,7.0,61
557,3.11,Rainy,Medium,Morning,Scooter,21,1.0,43
672,17.99,Foggy,Low,Morning,Car,11,2.0,84
145,6.05,Clear,Medium,Morning,Car,24,0.0,48
45,5.55,Foggy,High,Evening,Bike,18,1.0,116
532,19.99,Rainy,High,Evening,Bike,17,1.0,112
591,3.21,Rainy,High,Night,Scooter,16,0.0,42
689,15.51,Rainy,Medium,Morning,Scooter,10,8.0,81
698,11.83,Clear,Low,Evening,Scooter,9,7.0,32
183,18.53,Rainy,Low,Afternoon,Scooter,8,8.0,57
485,11.89,Clear,Medium,Afternoon,Bike,28,0.0,79
277,16.07,Clear,Medium,Evening,Bike,16,5.0,64
377,16.98,Clear,Low,,Bike,11,6.0,78
878,13.35,Rainy,Low,Evening,Scooter,14,4.0,91
500,19.73,Foggy,Medium,Evening,Bike,27,4.0,111
84,1.74,Foggy,High,Afternoon,Scooter,8,9.0,28
953,3.92,Rainy,Medium,Night,Bike,20,9.0,41
934,10.75,Rainy,Medium,Morning,Bike,8,6.0,60
787,11.88,Rainy,High,Afternoon,Car,29,9.0,78
111,6.15,Foggy,Low,Evening,Scooter,26,5.0,48
109,4.96,Rainy,Low,Afternoon,Car,10,7.0,28
775,16.05,Snowy,Medium,Evening,Bike,11,2.0,89
861,15.62,Snowy,High,Evening,Scooter,26,2.0,81
754,7.03,Clear,Low,Evening,Scooter,21,1.0,44
653,11.94,Clear,Low,Evening,Bike,20,3.0,69
634,10.88,Snowy,Low,Afternoon,Car,13,3.0,52
838,7.57,Clear,Low,Morning,Bike,21,0.0,56
975,1.11,Clear,Low,Morning,Bike,5,6.0,8
140,19.45,Rainy,High,Morning,Scooter,20,6.0,108
498,2.02,Clear,High,Evening,Bike,28,5.0,44
100,2.6,Clear,Low,Afternoon,Bike,16,1.0,29
251,6.24,Snowy,Low,Afternoon,Bike,20,4.0,51
373,2.34,Foggy,Medium,Morning,Bike,8,2.0,28
806,14.86,,High,Night,Scooter,15,4.0,91
313,0.99,,Medium,Evening,Bike,15,,32
375,1.89,Clear,Medium,Evening,Scooter,13,7.0,22
822,0.59,Clear,Low,Afternoon,Bike,21,0.0,27
31,12.35,Clear,Low,Morning,Scooter,10,6.0,35
947,3.17,Clear,Medium,Evening,Scooter,17,6.0,33
215,14.39,Rainy,Medium,Morning,Scooter,6,,50
600,1.3,Foggy,Low,Evening,Bike,19,5.0,29
368,18.15,Windy,Medium,Morning,Bike,11,2.0,89
421,15.94,Clear,Low,Evening,Bike,24,2.0,77
724,14.95,Clear,Medium,Morning,Bike,13,7.0,49
248,19.35,Clear,High,,Bike,12,7.0,75
856,4.22,Clear,Medium,Morning,Bike,16,7.0,35
144,6.37,Rainy,Low,Afternoon,Car,29,4.0,56
12,19.41,Windy,Low,Morning,Bike,11,8.0,62
963,5.28,Foggy,Low,Morning,Bike,27,6.0,53
948,18.05,Clear,Medium,Evening,Scooter,10,7.0,123
356,13.03,Foggy,Low,Morning,Scooter,9,1.0,50
596,9.74,Rainy,Medium,Evening,Scooter,7,8.0,37
472,19.41,Snowy,High,Evening,Car,21,3.0,100
353,13.34,Clear,Medium,Night,Bike,20,6.0,53
9,12.22,Clear,Low,Evening,Scooter,15,0.0,56
213,13.21,Clear,,Morning,Scooter,12,4.0,63
286,1.2,Rainy,Low,Morning,Scooter,24,7.0,33
604,2.23,Clear,Low,Morning,Bike,7,6.0,14
931,3.22,Rainy,Medium,Night,Bike,14,8.0,34
564,0.78,Clear,Low,Afternoon,Bike,11,0.0,18
297,15.51,Clear,Low,Evening,Bike,17,9.0,69
556,8.37,Clear,High,Evening,Scooter,13,7.0,42
862,9.34,Rainy,Low,Evening,Car,10,0.0,40
564,0.78,Clear,Low,Afternoon,Bike,11,0.0,18
565,7.34,Foggy,Medium,Afternoon,Bike,22,5.0,93
226,5.26,Rainy,Medium,Evening,Scooter,28,8.0,51
335,1.4,Windy,Low,Evening,Bike,9,9.0,17
206,0.68,Snowy,High,Evening,Bike,29,8.0,50
683,3.83,Rainy,Low,Evening,Car,27,3.0,49
372,0.86,Clear,High,Afternoon,Bike,26,5.0,37
499,19.5,Clear,High,Morning,Bike,18,2.0,73
442,19.74,Clear,,Afternoon,Car,16,1.0,98
988,8.98,Clear,Medium,Afternoon,Scooter,22,8.0,105
228,8.17,Clear,Medium,Afternoon,Scooter,20,9.0,44
371,2.47,Windy,Medium,Morning,Bike,27,2.0,44
181,7.15,Windy,Low,Morning,Bike,15,3.0,42
89,17.8,Windy,High,Afternoon,Car,12,9.0,73
331,7.44,Rainy,Low,Evening,Bike,27,,53
720,14.75,Clear,Low,Morning,Car,10,7.0,62
861,15.62,Snowy,High,Evening,Scooter,26,2.0,81
522,7.93,Windy,Low,Afternoon,Scooter,12,1.0,43
388,3.96,Clear,Medium,Afternoon,Bike,23,,44
629,1.22,Clear,Medium,Evening,Scooter,6,,14
645,2.84,Clear,Low,Evening,Scooter,24,2.0,35
597,13.52,Clear,Low,Morning,Scooter,27,1.0,82
245,0.8,Snowy,High,Evening,Bike,14,9.0,36
166,16.79,Foggy,High,Afternoon,Bike,24,6.0,85
869,17.3,Clear,Low,Evening,Scooter,9,0.0,67
333,0.78,Clear,Medium,Morning,Bike,6,1.0,17
199,17.8,Snowy,Medium,Morning,Bike,16,9.0,73
566,12.0,Clear,Low,Evening,Car,25,0.0,75
973,14.79,Clear,Medium,Morning,Scooter,12,9.0,64
86,6.84,Clear,Medium,Evening,Bike,25,1.0,51
687,11.65,Windy,Low,Night,Bike,10,3.0,53
413,19.04,Clear,Medium,Morning,Scooter,27,2.0,85
801,14.29,Windy,Medium,Morning,Bike,14,7.0,78
284,2.33,Clear,Low,Evening,Bike,9,2.0,18
195,7.11,Clear,Low,Afternoon,Scooter,27,,48
949,17.54,Clear,,Morning,Car,16,8.0,54
343,3.88,Foggy,Low,Evening,Car,27,9.0,42
923,17.94,Rainy,High,Evening,Scooter,22,6.0,85
326,14.89,Clear,High,Evening,Car,22,9.0,88
446,18.97,Clear,Low,Evening,Car,25,4.0,141
272,16.3,Foggy,Low,Morning,Car,12,1.0,100
569,18.13,Rainy,High,Evening,Bike,21,2.0,88
493,5.91,Clear,Medium,Evening,Scooter,29,4.0,57
880,4.83,Rainy,Low,Morning,Car,25,9.0,47
593,4.05,Clear,Medium,Afternoon,Scooter,21,5.0,39
93,15.34,Rainy,Low,Afternoon,Bike,18,6.0,54
791,3.49,Clear,Medium,Morning,Bike,17,2.0,38
995,7.54,Snowy,Low,Afternoon,Bike,20,,55
941,5.84,Clear,,Evening,Bike,21,7.0,35
38,2.4,Snowy,Low,Night,Scooter,27,5.0,42
582,19.61,Clear,High,Evening,Bike,8,6.0,72
844,19.24,Rainy,High,Afternoon,Bike,9,7.0,75
598,3.86,Clear,Medium,Afternoon,Bike,21,8.0,34
758,10.9,Clear,High,Afternoon,Scooter,6,8.0,47
726,16.92,Clear,Low,Night,Bike,23,5.0,78
791,3.49,Clear,Medium,Morning,Bike,17,2.0,38
787,11.88,Rainy,High,Afternoon,Car,29,9.0,78
448,15.19,Foggy,Low,Evening,Scooter,6,4.0,53
558,1.06,,Low,Afternoon,Scooter,19,6.0,21
189,10.83,Clear,Medium,Evening,Scooter,8,9.0,51
153,3.33,,Medium,Evening,Scooter,24,2.0,44
480,10.7,Clear,Medium,Afternoon,Scooter,8,5.0,44
29,12.05,Clear,Low,Evening,Scooter,29,4.0,61
110,2.0,Clear,High,Evening,Scooter,10,2.0,30
487,1.39,Clear,Medium,Afternoon,Bike,15,4.0,24
908,7.17,Clear,Low,Afternoon,Bike,15,7.0,32
225,5.67,Clear,Low,Morning,Scooter,11,9.0,27
998,3.17,Clear,Low,Afternoon,Bike,17,1.0,28
51,19.41,Foggy,Medium,Morning,Car,7,6.0,66
950,12.15,Clear,High,Morning,Car,12,6.0,63
13,16.73,Windy,High,Afternoon,Scooter,9,7.0,71
40,9.08,Clear,Low,Afternoon,Scooter,14,5.0,49
944,16.68,,Medium,Afternoon,Bike,9,9.0,63
317,8.47,Rainy,Low,Afternoon,Scooter,19,0.0,48
16,4.08,Windy,Medium,Afternoon,Bike,7,0.0,33
260,2.39,Rainy,Medium,Evening,Bike,27,7.0,43
190,5.22,Snowy,Medium,,Scooter,14,3.0,43
889,2.44,Snowy,High,Evening,Bike,13,9.0,39
924,16.1,Clear,Low,Morning,Car,16,6.0,61
723,1.8,Clear,,Night,Bike,14,1.0,28
488,5.98,Rainy,High,Morning,Bike,21,2.0,60
408,0.71,Foggy,Low,Night,Bike,29,1.0,41
729,4.43,Foggy,Low,Morning,Scooter,10,1.0,63
856,4.22,Clear,Medium,Morning,Bike,16,7.0,35
376,6.72,Foggy,Low,Evening,Bike,8,5.0,31
827,7.25,Clear,Medium,Afternoon,Scooter,18,4.0,45
940,11.74,Clear,Low,Afternoon,Car,20,1.0,52
569,18.13,Rainy,High,Evening,Bike,21,2.0,88
30,1.41,Foggy,Medium,Evening,Bike,15,0.0,72
859,11.51,Foggy,Low,Afternoon,Car,5,7.0,57
915,11.26,Clear,Low,Night,Bike,5,6.0,49
117,16.17,Clear,Medium,Evening,Car,10,2.0,116
10,14.31,Clear,Medium,Morning,Bike,9,8.0,47
713,9.7,Snowy,Low,Evening,Bike,6,,45
853,4.59,Foggy,Low,Evening,Scooter,19,8.0,36
798,11.52,,Medium,Morning,Scooter,25,2.0,58
584,6.91,Clear,Medium,Evening,Scooter,28,9.0,56
416,9.24,Windy,,Afternoon,Bike,8,2.0,49
507,18.26,Rainy,High,Night,Scooter,28,7.0,93
716,18.63,Windy,Low,Afternoon,Bike,11,5.0,85
315,16.8,,High,Morning,Car,19,4.0,85
233,11.75,Clear,High,Morning,Bike,9,2.0,55
415,12.82,Rainy,Medium,Evening,Bike,28,9.0,72
25,9.39,Windy,Medium,Morning,Scooter,21,9.0,50
807,18.72,Rainy,Medium,Afternoon,Bike,17,0.0,89
115,12.85,Rainy,Medium,Morning,Scooter,14,8.0,73
674,10.73,Foggy,Low,Morning,Bike,6,6.0,35
375,1.89,Clear,Medium,Evening,Scooter,13,7.0,22
542,12.32,Clear,Medium,Evening,Scooter,17,4.0,71
42,10.16,Snowy,Medium,Night,Bike,10,1.0,67
627,9.52,Clear,Low,,Bike,12,1.0,49
89,17.8,Windy,High,Afternoon,Car,12,9.0,73
736,17.61,Foggy,Medium,Afternoon,Bike,9,5.0,74
401,2.51,Clear,Low,Morning,Bike,16,2.0,28
451,15.65,Clear,Low,Afternoon,Bike,27,0.0,76
347,12.88,Clear,Medium,Morning,Scooter,8,5.0,52
816,10.62,Windy,Medium,Afternoon,Car,22,5.0,54
383,12.76,Windy,High,Morning,Scooter,27,,74
965,6.13,Rainy,High,,Bike,25,6.0,59
939,2.8,Clear,High,Morning,Scooter,10,,33
554,11.44,Foggy,High,Afternoon,Car,14,4.0,74
713,9.7,Snowy,Low,Evening,Bike,6,,45
304,12.93,Rainy,Low,Afternoon,Scooter,25,0.0,61
420,15.17,Windy,Low,Morning,Bike,25,4.0,77
830,9.32,Clear,Low,Morning,Scooter,6,5.0,30
192,18.0,Rainy,High,Night,Car,22,,98
542,12.32,Clear,Medium,Evening,Scooter,17,4.0,71
336,1.29,Rainy,Low,Evening,Bike,7,7.0,15
83,6.95,Clear,Medium,Morning,Scooter,25,2.0,58
850,12.11,Rainy,Low,Morning,Bike,9,5.0,59
702,1.51,Clear,High,Evening,Bike,26,1.0,44
894,8.25,Clear,Medium,Afternoon,Bike,7,9.0,28
423,2.28,Clear,Medium,Evening,Scooter,27,9.0,39
738,16.42,Clear,Medium,Evening,Bike,20,2.0,84
513,18.69,Windy,Medium,Night,Bike,23,9.0,74
243,18.34,Snowy,Medium,Afternoon,Scooter,22,,91
414,11.68,Clear,,Afternoon,Scooter,25,7.0,70
439,14.27,Clear,Medium,Night,Car,24,3.0,77
196,7.31,Foggy,Medium,Afternoon,Bike,26,2.0,65
304,12.93,Rainy,Low,Afternoon,Scooter,25,0.0,61
210,3.64,Windy,High,Evening,Bike,17,6.0,40
810,2.71,Clear,Medium,Morning,Car,6,5.0,19
611,1.27,Foggy,High,Afternoon,Bike,25,9.0,46
231,16.0,Foggy,Medium,Afternoon,Scooter,13,3.0,65
386,16.17,Clear,Medium,Evening,Scooter,12,2.0,78
631,14.41,Snowy,Medium,Evening,Bike,8,8.0,75
402,18.1,Clear,Low,Morning,Scooter,8,5.0,77
347,12.88,Clear,Medium,Morning,Scooter,8,5.0,52
559,15.23,Foggy,Low,Morning,Car,6,0.0,52
358,11.92,Clear,Low,Afternoon,Scooter,14,4.0,46
631,14.41,Snowy,Medium,Evening,Bike,8,8.0,75
700,9.88,Rainy,Medium,Morning,Car,7,0.0,43
308,6.8,Foggy,Medium,Morning,Scooter,13,7.0,46
253,17.1,Clear,Medium,Evening,Bike,25,5.0,65
224,7.67,Windy,Low,Morning,Car,9,2.0,31
465,19.26,Windy,Medium,Morning,Scooter,21,6.0,67
223,2.33,,Low,Morning,Car,6,1.0,17
438,16.53,Snowy,Low,Afternoon,Scooter,24,9.0,99
715,7.3,Clear,Low,Night,Scooter,14,7.0,28
738,16.42,Clear,Medium,Evening,Bike,20,2.0,84
158,15.35,Foggy,Low,Morning,Car,5,3.0,56
3,14.77,,High,Morning,Scooter,11,6.0,67
302,10.86,Windy,Medium,,Car,10,4.0,60
517,7.84,Rainy,Low,Morning,Scooter,7,8.0,36
210,3.64,Windy,High,Evening,Bike,17,6.0,40
782,11.08,Windy,High,Afternoon,Bike,16,6.0,70
765,1.15,Clear,Low,Afternoon,Scooter,26,4.0,30
421,15.94,Clear,Low,Evening,Bike,24,2.0,77
236,14.59,Clear,Medium,Morning,Bike,15,6.0,64
821,16.16,Clear,High,Afternoon,Bike,11,1.0,82
413,19.04,Clear,Medium,Morning,Scooter,27,2.0,85
302,10.86,Windy,Medium,,Car,10,4.0,60
788,8.32,Rainy,Low,Afternoon,Car,12,2.0,49
162,12.83,Clear,Medium,Morning,Bike,19,2.0,76
445,16.35,Foggy,Medium,Night,Bike,16,6.0,67
513,18.69,Windy,Medium,Night,Bike,23,9.0,74
229,17.89,Windy,Low,,Bike,27,1.0,101
990,16.47,Snowy,High,Evening,Scooter,20,9.0,75
508,16.54,Rainy,Medium,Afternoon,Bike,25,7.0,77
814,18.46,Clear,,,Scooter,29,1.0,153
389,15.14,Windy,Medium,Morning,Bike,15,4.0,71
186,13.37,Windy,High,Afternoon,Scooter,17,8.0,63
49,11.16,Foggy,Medium,Afternoon,Car,21,4.0,77
725,11.7,Rainy,Low,Afternoon,Bike,17,5.0,60
578,18.57,Rainy,Medium,Afternoon,Bike,16,7.0,89
338,14.22,Rainy,,Evening,Car,25,8.0,84
148,10.3,Rainy,Low,Evening,Bike,29,0.0,73
263,3.23,Clear,High,Afternoon,Bike,17,9.0,33
931,3.22,Rainy,Medium,Night,Bike,14,8.0,34
212,13.99,Clear,High,Evening,Scooter,7,3.0,96
354,3.68,,High,Afternoon,Car,16,6.0,47
222,11.58,Clear,Medium,Morning,Scooter,16,2.0,61
40,9.08,Clear,Low,Afternoon,Scooter,14,5.0,49
160,14.7,Clear,Medium,Morning,Scooter,6,2.0,58
120,11.02,Clear,High,Morning,Scooter,22,2.0,70
997,18.39,Windy,Low,Afternoon,Bike,24,6.0,74
86,6.84,Clear,Medium,Evening,Bike,25,1.0,51
867,3.53,Clear,Medium,Afternoon,Bike,13,7.0,31
114,16.26,Rainy,High,Morning,Bike,16,6.0,70
884,2.53,Snowy,Low,Morning,Bike,6,8.0,24
939,2.8,Clear,High,Morning,Scooter,10,,33
606,9.49,Rainy,Medium,Morning,Car,23,6.0,53
170,12.02,Clear,Low,Afternoon,Bike,26,0.0,63
857,1.21,Snowy,Low,Afternoon,Bike,22,1.0,39
529,1.6,Foggy,Low,Night,Scooter,24,,37
410,2.28,Foggy,Medium,Morning,Scooter,27,6.0,44
476,19.86,Rainy,High,Evening,Bike,12,8.0,71
866,11.41,Windy,Medium,Afternoon,Scooter,17,4.0,68
499,19.5,Clear,High,Morning,Bike,18,2.0,73
328,12.43,Snowy,Low,Afternoon,Car,12,0.0,70
274,18.31,Clear,Medium,Afternoon,Bike,25,3.0,79
392,8.55,Clear,Low,Evening,Scooter,28,8.0,46
619,16.22,Rainy,High,Evening,Bike,22,0.0,102
63,16.66,Snowy,High,Afternoon,Scooter,29,7.0,95
718,19.32,Rainy,High,Morning,Car,21,7.0,112
7,1.63,Rainy,Medium,Night,Bike,24,5.0,38
425,1.62,Windy,Low,Evening,Bike,9,8.0,16
567,8.15,Rainy,Low,Afternoon,Bike,26,2.0,50
737,8.15,Clear,High,Evening,Scooter,12,9.0,43
704,3.12,Rainy,Low,Evening,Scooter,14,5.0,28
731,3.7,Clear,Medium,Morning,Bike,28,7.0,45
577,3.37,Clear,High,Morning,Bike,9,,28
710,13.79,Rainy,Low,Night,Scooter,11,0.0,69
826,18.44,Rainy,High,Morning,Bike,27,7.0,80
883,0.88,Rainy,Low,Night,Car,27,2.0,37
960,14.89,Snowy,High,Morning,Scooter,17,6.0,87
176,3.9,Rainy,High,Morning,Car,25,9.0,54
526,9.64,Clear,Low,Morning,Bike,10,5.0,46
34,19.0,Clear,High,Morning,Car,28,3.0,96
956,7.97,Windy,Medium,Evening,Scooter,9,8.0,35
689,15.51,Rainy,Medium,Morning,Scooter,10,8.0,81
482,14.07,Clear,High,Afternoon,Bike,5,8.0,67
661,7.44,Rainy,Medium,Afternoon,Scooter,5,1.0,37
440,2.09,Rainy,Low,Night,Bike,23,2.0,36
606,9.49,Rainy,Medium,Morning,Car,23,6.0,53
857,1.21,Snowy,Low,Afternoon,Bike,22,1.0,39
429,7.34,Rainy,Low,Evening,Bike,22,8.0,47
761,3.46,Clear,Low,Morning,Bike,24,6.0,37
512,8.66,Snowy,High,Morning,Bike,29,3.0,77
398,8.87,Clear,Low,Evening,Bike,19,3.0,55
299,12.65,Rainy,Low,Afternoon,Bike,18,8.0,60
510,14.65,Snowy,High,Morning,Car,19,3.0,95
656,2.99,Windy,Medium,Morning,Bike,27,5.0,41
921,17.44,,Low,Night,Car,23,0.0,85
751,2.78,Rainy,Low,,Bike,21,4.0,37
55,12.16,Windy,High,Evening,Scooter,11,0.0,69
189,10.83,Clear,Medium,Evening,Scooter,8,9.0,51
390,16.23,Clear,Medium,Evening,Bike,6,0.0,54
686,11.36,Foggy,Low,Afternoon,Bike,6,4.0,47
37,6.44,Clear,Low,Afternoon,Car,18,2.0,43
340,2.41,,Medium,Evening,Bike,15,9.0,25
478,11.3,Snowy,Medium,Afternoon,Bike,15,8.0,70
194,12.85,Rainy,Medium,Afternoon,Scooter,23,0.0,80
386,16.17,Clear,Medium,Evening,Scooter,12,2.0,78
800,18.49,Clear,Low,Afternoon,Scooter,14,6.0,71
676,19.66,Clear,Low,Morning,Car,19,6.0,70
128,17.28,Clear,Low,Morning,Car,28,3.0,72
661,7.44,Rainy,Medium,Afternoon,Scooter,5,1.0,37
221,13.32,Windy,Medium,Afternoon,Bike,26,0.0,71
778,14.58,Clear,Low,Afternoon,Bike,13,,57
53,18.82,Windy,Low,Morning,Car,5,3.0,77
933,19.7,Rainy,Low,Evening,Car,16,6.0,66
588,3.01,Clear,Medium,Evening,Bike,14,4.0,26
235,4.31,Rainy,Medium,Afternoon,Bike,9,2.0,35
334,2.76,Windy,Medium,Morning,Scooter,8,5.0,22
271,16.28,Rainy,Low,Morning,Scooter,8,9.0,71
757,12.59,Windy,Medium,Morning,Bike,13,9.0,62
119,17.9,Clear,Low,Morning,Bike,23,,85
598,3.86,Clear,Medium,Afternoon,Bike,21,8.0,34
19,8.92,Windy,,Morning,Bike,25,4.0,62
864,9.09,Rainy,Medium,Morning,Bike,6,7.0,43
70,19.74,,Low,,Car,21,7.0,71
645,2.84,Clear,Low,Evening,Scooter,24,2.0,35
533,19.93,Snowy,Low,Afternoon,Bike,6,6.0,59
550,15.56,Rainy,Low,Afternoon,Scooter,28,0.0,72
144,6.37,Rainy,Low,Afternoon,Car,29,4.0,56
238,0.97,Clear,Low,Night,Scooter,24,8.0,26
750,12.67,Clear,Medium,Evening,Car,10,3.0,65
638,5.23,Clear,Medium,Morning,Scooter,23,2.0,47
1,7.8,Clear,Low,Evening,Scooter,23,5.0,52
638,5.23,Clear,Medium,Morning,Scooter,23,2.0,47
130,10.46,Clear,,Evening,Bike,25,3.0,68
461,2.79,Clear,High,Morning,Bike,23,7.0,38
555,17.59,Clear,Low,Morning,Bike,24,6.0,69
54,17.95,Snowy,High,Morning,Scooter,16,,96
650,10.22,Snowy,Medium,Night,Bike,18,1.0,68
240,3.95,Clear,Low,Afternoon,Bike,13,5.0,25
783,5.41,Clear,High,Morning,Scooter,17,6.0,38
666,3.48,Foggy,Low,Afternoon,Scooter,9,1.0,31
391,19.81,Clear,Low,Afternoon,Bike,27,1.0,74
553,11.26,Foggy,High,Afternoon,Bike,14,2.0,70
633,10.48,Rainy,Low,Afternoon,Car,10,7.0,45
59,1.38,Clear,Medium,Morning,Car,6,3.0,17
524,16.92,Clear,Low,Morning,Scooter,29,0.0,70
815,17.46,Clear,Medium,Morning,Scooter,6,,62
823,7.0,Rainy,Medium,Evening,Bike,17,9.0,49
99,1.0,Snowy,Medium,Morning,Bike,25,4.0,44
222,11.58,Clear,Medium,Morning,Scooter,16,2.0,61
679,19.4,Clear,Low,Evening,Scooter,8,9.0,57
768,17.6,Clear,Low,Afternoon,Bike,27,3.0,69
855,4.5,Windy,Low,Evening,Scooter,20,6.0,32
490,17.86,Clear,Low,Afternoon,Scooter,16,8.0,83
219,13.17,Rainy,High,Evening,Scooter,17,8.0,69
501,14.11,Rainy,High,Morning,Scooter,24,3.0,93
789,9.51,Clear,High,Morning,Bike,26,9.0,63
56,18.48,Clear,Medium,Night,Bike,8,0.0,82
383,12.76,Windy,High,Morning,Scooter,27,,74
632,17.96,Clear,Medium,,Bike,22,2.0,76
132,4.83,Clear,Low,Evening,Bike,11,1.0,29
437,1.92,Clear,Low,,Bike,8,7.0,14
246,18.6,Rainy,Medium,Morning,Car,28,9.0,77
523,19.41,Clear,Low,Morning,Car,7,3.0,48
685,18.62,Clear,Low,Evening,Scooter,27,6.0,75
198,17.99,Windy,High,Evening,Bike,5,1.0,73
548,13.6,Rainy,Medium,Afternoon,Scooter,23,6.0,83
454,18.17,Rainy,Low,Afternoon,Car,13,0.0,71
185,5.53,Clear,Medium,Afternoon,Bike,19,1.0,44
687,11.65,Windy,Low,Night,Bike,10,3.0,53
127,16.45,,Medium,Evening,Scooter,25,3.0,87
613,12.74,Rainy,Low,Afternoon,Bike,17,9.0,63
481,12.77,Foggy,Low,Morning,Bike,22,8.0,71
972,18.77,Foggy,Low,Afternoon,Car,15,,71
833,3.25,Rainy,,Evening,Scooter,29,0.0,51
654,15.04,Clear,Low,Morning,Car,24,5.0,60
436,14.17,Clear,Low,Afternoon,Bike,8,0.0,55
219,13.17,Rainy,High,Evening,Scooter,17,8.0,69
969,11.54,Clear,High,Afternoon,Car,10,0.0,56
164,10.95,Snowy,,Afternoon,Bike,9,1.0,65
451,15.65,Clear,Low,Afternoon,Bike,27,0.0,76
237,5.98,Foggy,High,Morning,Bike,14,6.0,44
433,12.56,Clear,High,Evening,Bike,17,5.0,69
401,2.51,Clear,Low,Morning,Bike,16,2.0,28
807,18.72,Rainy,Medium,Afternoon,Bike,17,0.0,89
624,9.95,Windy,High,Evening,Scooter,21,5.0,72
162,12.83,Clear,Medium,Morning,Bike,19,2.0,76
33,1.77,Clear,Medium,Evening,Bike,14,9.0,22
272,16.3,Foggy,Low,Morning,Car,12,1.0,100
658,7.58,Clear,High,Afternoon,Scooter,19,9.0,57
41,2.88,Rainy,,Morning,Car,16,4.0,41
393,7.75,,Medium,Evening,Scooter,21,1.0,55
124,2.65,,Medium,Afternoon,Car,14,4.0,35
303,11.04,Clear,Medium,Afternoon,Scooter,8,2.0,54
589,3.0,Clear,Low,Morning,Scooter,29,1.0,43
113,18.63,Clear,Low,Evening,Bike,26,8.0,75
258,14.07,Clear,Medium,Morning,Bike,16,9.0,73
496,7.39,Rainy,Medium,Morning,Scooter,25,6.0,60
535,15.5,Clear,Medium,Morning,Scooter,28,9.0,91
665,2.48,Windy,Medium,Afternoon,Car,14,6.0,27
597,13.52,Clear,Low,Morning,Scooter,27,1.0,82
850,12.11,Rainy,Low,Morning,Bike,9,5.0,59
980,12.14,Foggy,High,Afternoon,Bike,12,0.0,65
548,13.6,Rainy,Medium,Afternoon,Scooter,23,6.0,83
16,4.08,Windy,Medium,Afternoon,Bike,7,0.0,33
449,7.84,Windy,Low,Afternoon,Bike,6,4.0,28
754,7.03,Clear,Low,Evening,Scooter,21,1.0,44
99,1.0,Snowy,Medium,Morning,Bike,25,4.0,44
932,16.78,Rainy,Medium,Morning,Bike,22,1.0,70
90,9.71,Clear,Low,Morning,Bike,8,1.0,49
886,3.98,Clear,High,Night,Car,19,3.0,41
114,16.26,Rainy,High,Morning,Bike,16,6.0,70
496,7.39,Rainy,Medium,Morning,Scooter,25,6.0,60
470,19.28,Snowy,Medium,Morning,Car,21,3.0,101
832,9.32,Rainy,Medium,Evening,Scooter,24,2.0,71
411,6.73,Clear,Medium,Afternoon,Bike,21,1.0,54
68,16.14,Clear,Low,Night,Car,6,9.0,65
854,18.01,Foggy,High,Night,Bike,14,2.0,71
667,5.3,Clear,Low,Evening,Bike,16,5.0,32
117,16.17,Clear,Medium,Evening,Car,10,2.0,116
511,12.46,Foggy,Low,Afternoon,Bike,10,1.0,62
74,16.4,Clear,High,Morning,Scooter,12,2.0,70
647,12.08,Clear,High,Afternoon,Scooter,16,4.0,60
201,13.02,Snowy,High,Afternoon,Car,6,9.0,65
841,0.76,Clear,Low,Afternoon,Car,26,9.0,28
276,10.28,Clear,Medium,Evening,Scooter,29,3.0,71
745,5.03,Clear,Medium,Morning,Bike,17,,38
75,14.28,Windy,High,Afternoon,Scooter,23,5.0,77
622,4.58,Clear,High,Morning,Scooter,22,9.0,45
621,4.1,Clear,Medium,Evening,Car,18,3.0,38
203,3.65,Clear,Medium,Morning,Bike,29,9.0,46
764,15.01,Clear,Medium,Morning,Bike,15,6.0,64
198,17.99,Windy,High,Evening,Bike,5,1.0,73
642,6.78,Foggy,Low,Night,Bike,18,6.0,42
175,13.08,Rainy,Low,Morning,Car,16,4.0,58
678,8.26,Clear,Low,,Car,21,4.0,80
643,4.62,Rainy,Medium,Afternoon,Car,8,3.0,33
877,14.46,Rainy,Medium,Morning,Scooter,11,9.0,68
387,6.0,Snowy,Low,Morning,Car,20,8.0,53
352,17.2,Rainy,High,Afternoon,Scooter,14,2.0,94
243,18.34,Snowy,Medium,Afternoon,Scooter,22,,91
15,4.05,Snowy,Medium,Evening,Scooter,19,2.0,50
405,6.74,Rainy,Medium,Evening,Car,21,9.0,47
547,2.71,Foggy,Low,Morning,Bike,6,0.0,28
461,2.79,Clear,High,Morning,Bike,23,7.0,38
527,8.59,Clear,Low,Night,Scooter,17,8.0,36
579,10.1,Rainy,Low,Evening,Car,8,4.0,50
372,0.86,Clear,High,Afternoon,Bike,26,5.0,37
508,16.54,Rainy,Medium,Afternoon,Bike,25,7.0,77
8,17.39,Foggy,Medium,Morning,Bike,25,4.0,100
437,1.92,Clear,Low,,Bike,8,7.0,14
21,12.43,Rainy,High,Morning,Bike,13,6.0,70
435,2.14,Clear,High,Evening,Bike,18,3.0,34
676,19.66,Clear,Low,Morning,Car,19,6.0,70
541,19.1,Snowy,Medium,Morning,Bike,25,6.0,90
330,5.33,Clear,Low,Evening,Car,29,1.0,51
692,8.8,Rainy,Medium,Afternoon,Bike,6,2.0,38
475,10.79,Clear,Medium,Evening,Scooter,24,1.0,65
392,8.55,Clear,Low,Evening,Scooter,28,8.0,46
688,5.96,Clear,Medium,Afternoon,Bike,22,7.0,45
893,16.69,Foggy,Medium,Evening,Scooter,8,2.0,65
505,13.85,Clear,Low,Evening,Bike,29,5.0,71
984,1.97,Clear,High,Morning,Car,28,7.0,43
202,2.14,Clear,Low,Afternoon,Bike,25,1.0,36
24,7.64,Windy,Low,Afternoon,Car,10,8.0,31
752,18.83,,Medium,Night,Bike,8,0.0,68
187,16.44,Rainy,High,Afternoon,Bike,12,,86
63,16.66,Snowy,High,Afternoon,Scooter,29,7.0,95
865,8.31,Windy,Medium,Morning,Bike,6,5.0,44
891,14.58,Clear,Low,Evening,Bike,23,0.0,70
258,14.07,Clear,Medium,Morning,Bike,16,9.0,73
526,9.64,Clear,Low,Morning,Bike,10,5.0,46
360,11.72,Rainy,Low,Evening,Bike,11,9.0,42
717,16.7,Clear,Medium,Afternoon,Scooter,28,1.0,76
599,4.25,Clear,Low,Afternoon,Bike,5,4.0,22
136,6.8,Clear,High,Evening,Bike,28,5.0,55
670,6.06,Foggy,Low,Afternoon,Scooter,10,8.0,41
777,4.97,Rainy,Low,Evening,Bike,17,9.0,34
310,5.78,Foggy,Low,Afternoon,Scooter,9,9.0,33
926,0.94,Clear,High,Morning,Bike,9,6.0,21
196,7.31,Foggy,Medium,Afternoon,Bike,26,2.0,65
241,18.84,Foggy,Medium,Afternoon,Scooter,25,8.0,88
925,8.79,Snowy,Low,Night,Bike,14,6.0,43
385,14.83,Rainy,Low,Morning,Car,19,4.0,126
860,1.78,Snowy,Low,Evening,Car,20,6.0,35
118,4.14,Foggy,Medium,Morning,Bike,21,0.0,46
708,16.29,Clear,Low,Morning,Bike,20,1.0,72
936,5.81,Foggy,Low,Afternoon,Bike,25,8.0,51
483,9.36,Rainy,High,Morning,Scooter,17,2.0,65
843,3.97,Clear,High,Afternoon,Bike,19,8.0,40
418,6.91,Clear,Low,Evening,Bike,27,8.0,91
528,5.83,Clear,High,Evening,Car,27,9.0,56
245,0.8,Snowy,High,Evening,Bike,14,9.0,36
66,11.08,Snowy,Medium,Morning,Bike,9,0.0,57
980,12.14,Foggy,High,Afternoon,Bike,12,0.0,65
382,14.09,Clear,High,Afternoon,Bike,12,6.0,67
341,10.09,Clear,Medium,Evening,Bike,7,0.0,49
572,15.78,Clear,High,Afternoon,Scooter,12,1.0,68
355,1.88,Clear,Medium,Morning,Scooter,24,7.0,35
703,7.06,Clear,Low,Afternoon,Scooter,26,5.0,51
409,18.15,Rainy,High,Morning,Bike,22,7.0,108
879,1.03,Clear,Medium,Afternoon,Bike,19,4.0,29
41,2.88,Rainy,,Morning,Car,16,4.0,41
716,18.63,Windy,Low,Afternoon,Bike,11,5.0,85
705,1.74,Clear,Medium,Night,Bike,23,2.0,34
767,15.37,Snowy,Medium,Afternoon,Car,15,5.0,66
820,7.04,Clear,Low,Afternoon,Bike,11,8.0,38
378,0.95,Rainy,Medium,Morning,Car,27,0.0,44
203,3.65,Clear,Medium,Morning,Bike,29,9.0,46
534,11.33,,Low,Morning,Bike,25,3.0,60
680,17.38,Rainy,Medium,Afternoon,Scooter,11,2.0,92
137,10.62,Foggy,Low,Evening,Scooter,29,1.0,73
118,4.14,Foggy,Medium,Morning,Bike,21,0.0,46
44,18.23,Rainy,Low,Afternoon,Scooter,27,9.0,86
668,3.63,Windy,Medium,Morning,Car,22,9.0,39
994,12.01,Clear,Low,Morning,Scooter,26,6.0,57
629,1.22,Clear,Medium,Evening,Scooter,6,,14
688,5.96,Clear,Medium,Afternoon,Bike,22,7.0,45
344,8.96,Snowy,,Morning,Car,6,5.0,51
662,19.74,Rainy,High,Afternoon,Scooter,11,7.0,81
417,6.22,Clear,Low,Afternoon,Bike,16,9.0,29
298,4.71,Clear,Low,Morning,Bike,20,6.0,31
483,9.36,Rainy,High,Morning,Scooter,17,2.0,65
747,7.99,Clear,Medium,Evening,Bike,18,4.0,42
922,10.0,Clear,Medium,Afternoon,Scooter,6,9.0,47
693,10.4,Clear,Low,Evening,Bike,16,4.0,52
224,7.67,Windy,Low,Morning,Car,9,2.0,31
966,7.44,Rainy,Medium,Evening,Bike,6,1.0,39
516,1.01,Clear,High,Night,Bike,17,7.0,29
891,14.58,Clear,Low,Evening,Bike,23,0.0,70
826,18.44,Rainy,High,Morning,Bike,27,7.0,80
978,1.5,Clear,Low,Afternoon,Bike,10,1.0,17
495,9.54,Rainy,Medium,Evening,Scooter,11,5.0,47
374,13.82,Clear,Medium,Evening,Bike,21,9.0,72
648,13.74,Foggy,Medium,Afternoon,Bike,6,1.0,56
62,5.79,Windy,Medium,Morning,Bike,26,6.0,49
707,6.79,Rainy,Low,Evening,Scooter,16,1.0,39
632,17.96,Clear,Medium,,Bike,22,2.0,76
489,19.03,Clear,Medium,Morning,Scooter,8,8.0,65
124,2.65,,Medium,Afternoon,Car,14,4.0,35
663,12.31,Windy,Low,Morning,Bike,29,4.0,68
486,18.07,Clear,High,Afternoon,Scooter,5,2.0,67
559,15.23,Foggy,Low,Morning,Car,6,0.0,52
758,10.9,Clear,High,Afternoon,Scooter,6,8.0,47
18,10.73,Rainy,High,Afternoon,Car,27,6.0,83
306,19.53,Foggy,Low,Afternoon,Bike,11,6.0,87
244,7.72,Foggy,High,Evening,Bike,19,4.0,64
202,2.14,Clear,Low,Afternoon,Bike,25,1.0,36
264,10.61,Clear,Medium,Morning,Bike,17,0.0,59
652,10.97,Clear,Low,Afternoon,Scooter,27,3.0,51
660,11.63,Clear,Medium,Night,Scooter,29,7.0,57
337,17.18,Clear,Medium,Night,Scooter,13,1.0,62
355,1.88,Clear,Medium,Morning,Scooter,24,7.0,35
130,10.46,Clear,,Evening,Bike,25,3.0,68
405,6.74,Rainy,Medium,Evening,Car,21,9.0,47
138,14.21,Clear,Medium,Evening,Bike,24,,58
471,0.74,Rainy,Low,Morning,Car,13,4.0,21
396,18.65,Foggy,Low,Night,Car,19,2.0,68
788,8.32,Rainy,Low,Afternoon,Car,12,2.0,49
756,15.98,Foggy,Low,Morning,Car,21,6.0,90
610,13.96,Rainy,Low,Night,Bike,5,1.0,42
102,12.91,Windy,Medium,Evening,Bike,11,6.0,56
531,16.35,Clear,Medium,Morning,Bike,16,0.0,66
129,0.64,Clear,High,Night,Bike,10,3.0,24
544,13.6,Clear,Medium,Afternoon,Bike,27,0.0,87
639,5.75,Windy,High,Morning,Scooter,7,4.0,37
233,11.75,Clear,High,Morning,Bike,9,2.0,55
359,18.83,Clear,Medium,Evening,Scooter,5,8.0,69
885,16.1,Clear,Low,Evening,Bike,25,0.0,64
482,14.07,Clear,High,Afternoon,Bike,5,8.0,67
237,5.98,Foggy,High,Morning,Bike,14,6.0,44
677,2.68,Clear,Low,Morning,Bike,16,8.0,25
766,11.61,Clear,High,Morning,Car,19,1.0,67
811,19.7,Rainy,Low,Evening,Bike,10,2.0,60
312,2.03,Foggy,High,Evening,Car,14,4.0,36
415,12.82,Rainy,Medium,Evening,Bike,28,9.0,72
452,11.39,Rainy,High,Evening,Scooter,14,1.0,72
529,1.6,Foggy,Low,Night,Scooter,24,,37
694,5.23,Clear,Medium,Morning,Scooter,19,4.0,37
457,0.72,Rainy,Medium,Afternoon,Scooter,9,2.0,23
242,19.1,Snowy,Low,Afternoon,Bike,18,1.0,101
17,6.43,Clear,Low,Evening,Car,9,7.0,26
521,12.09,Clear,Medium,Morning,Car,13,1.0,60
396,18.65,Foggy,Low,Night,Car,19,2.0,68
181,7.15,Windy,Low,Morning,Bike,15,3.0,42
792,11.93,Snowy,High,Morning,Car,7,1.0,75
910,7.9,Clear,Low,Afternoon,Scooter,22,,48
492,12.59,Clear,Low,Evening,Scooter,10,2.0,39
936,5.81,Foggy,Low,Afternoon,Bike,25,8.0,51
190,5.22,Snowy,Medium,,Scooter,14,3.0,43
152,5.17,Foggy,Low,Morning,Bike,29,0.0,56
350,12.7,Clear,Low,Morning,Scooter,22,2.0,57
834,3.94,Snowy,Low,Afternoon,Bike,19,3.0,43
515,1.38,Clear,Medium,Evening,Scooter,5,8.0,13
777,4.97,Rainy,Low,Evening,Bike,17,9.0,34
495,9.54,Rainy,Medium,Evening,Scooter,11,5.0,47
154,10.04,Rainy,High,Afternoon,Bike,12,9.0,59
284,2.33,Clear,Low,Evening,Bike,9,2.0,18
141,19.27,Foggy,High,Afternoon,Bike,14,6.0,92
961,2.11,Clear,Low,Afternoon,Scooter,28,5.0,34
690,4.15,,Medium,Morning,Car,17,8.0,46
8,17.39,Foggy,Medium,Morning,Bike,25,4.0,100
328,12.43,Snowy,Low,Afternoon,Car,12,0.0,70
260,2.39,Rainy,Medium,Evening,Bike,27,7.0,43
830,9.32,Clear,Low,Morning,Scooter,6,5.0,30
705,1.74,Clear,Medium,Night,Bike,23,2.0,34
766,11.61,Clear,High,Morning,Car,19,1.0,67
64,7.46,Clear,Medium,Evening,Bike,8,5.0,42
141,19.27,Foggy,High,Afternoon,Bike,14,6.0,92
990,16.47,Snowy,High,Evening,Scooter,20,9.0,75
158,15.35,Foggy,Low,Morning,Car,5,3.0,56
607,4.52,,Low,Evening,Car,17,0.0,71
433,12.56,Clear,High,Evening,Bike,17,5.0,69
305,14.66,Snowy,High,Morning,Car,5,6.0,71
510,14.65,Snowy,High,Morning,Car,19,3.0,95
901,4.55,Rainy,Low,Afternoon,Bike,5,6.0,21
240,3.95,Clear,Low,Afternoon,Bike,13,5.0,25
211,11.2,Clear,Medium,Morning,Bike,23,,73
282,7.09,Snowy,Low,Morning,Scooter,13,8.0,37
853,4.59,Foggy,Low,Evening,Scooter,19,8.0,36
682,5.53,Windy,High,Morning,Bike,23,4.0,59
48,10.64,Clear,Medium,Afternoon,Scooter,14,5.0,45
357,1.02,Windy,High,Evening,Bike,6,8.0,21
217,6.85,Clear,High,Morning,Bike,16,5.0,48
828,7.27,Windy,Low,Afternoon,Bike,10,5.0,35
452,11.39,Rainy,High,Evening,Scooter,14,1.0,72
866,11.41,Windy,Medium,Afternoon,Scooter,17,4.0,68
817,12.03,Clear,Medium,,Car,20,5.0,65
2,19.04,Rainy,Low,Evening,Car,12,6.0,60
197,14.66,Windy,Medium,,Bike,20,2.0,77
168,4.14,Rainy,Low,Morning,Bike,23,2.0,41
281,17.86,Rainy,Low,Afternoon,Bike,5,1.0,50
103,6.63,Foggy,Low,Night,Scooter,24,3.0,58
498,2.02,Clear,High,Evening,Bike,28,5.0,44
860,1.78,Snowy,Low,Evening,Car,20,6.0,35
585,12.85,Windy,Medium,Afternoon,Scooter,18,7.0,61
134,7.08,Clear,Medium,Afternoon,Scooter,5,8.0,27
930,5.53,Clear,Low,Morning,Car,10,8.0,27
424,10.14,Clear,Medium,Morning,Scooter,20,1.0,59
590,3.46,Snowy,Medium,Morning,Scooter,23,3.0,48
546,7.48,Clear,Medium,Morning,Car,21,4.0,52
950,12.15,Clear,High,Morning,Car,12,6.0,63
620,15.09,Snowy,Low,Morning,Car,20,7.0,68
760,15.88,Rainy,Low,Evening,Car,17,1.0,68
191,2.32,Clear,Low,Afternoon,Scooter,23,1.0,32
650,10.22,Snowy,Medium,Night,Bike,18,1.0,68
250,17.13,Rainy,Low,Evening,Car,19,1.0,71
466,7.81,Clear,Low,Evening,Bike,11,4.0,42
273,17.41,Snowy,Medium,Evening,Bike,20,4.0,80
752,18.83,,Medium,Night,Bike,8,0.0,68
997,18.39,Windy,Low,Afternoon,Bike,24,6.0,74
666,3.48,Foggy,Low,Afternoon,Scooter,9,1.0,31
74,16.4,Clear,High,Morning,Scooter,12,2.0,70
999,19.03,Clear,Low,Afternoon,Car,26,5.0,68
316,14.07,Rainy,Low,Evening,Bike,10,5.0,63
774,8.25,Windy,Medium,Evening,Car,24,4.0,62
62,5.79,Windy,Medium,Morning,Bike,26,6.0,49
90,9.71,Clear,Low,Morning,Bike,8,1.0,49
79,7.49,Clear,,Morning,Scooter,13,9.0,45
937,0.86,Clear,Medium,Afternoon,Car,21,7.0,28
803,11.74,Clear,High,Evening,Car,6,3.0,54
17,6.43,Clear,Low,Evening,Car,9,7.0,26
734,10.7,Clear,High,Afternoon,Car,8,4.0,57
94,11.44,Rainy,Medium,Evening,Car,20,2.0,57
407,8.09,Foggy,Low,Evening,Car,22,2.0,56
741,9.52,Foggy,Low,Night,Scooter,28,1.0,59
234,10.1,Clear,High,Morning,Car,17,6.0,55
345,8.27,,High,Afternoon,Scooter,13,5.0,58
745,5.03,Clear,Medium,Morning,Bike,17,,38
23,6.2,Windy,High,Evening,Scooter,7,3.0,42
775,16.05,Snowy,Medium,Evening,Bike,11,2.0,89
627,9.52,Clear,Low,,Bike,12,1.0,49
819,1.57,Rainy,Low,Evening,Car,16,1.0,30
161,7.67,Foggy,Medium,Afternoon,Scooter,22,8.0,59
349,7.8,Windy,Medium,Afternoon,Car,17,6.0,44
131,8.64,Snowy,Low,Evening,Bike,29,4.0,62
67,3.25,Clear,Low,Morning,Bike,23,7.0,32
563,3.16,Snowy,Low,Morning,Car,9,,27
492,12.59,Clear,Low,Evening,Scooter,10,2.0,39
539,9.29,Clear,Medium,Evening,Bike,10,9.0,40
748,11.1,Clear,Low,Afternoon,Bike,18,7.0,56
596,9.74,Rainy,Medium,Evening,Scooter,7,8.0,37
365,18.86,Snowy,Medium,Night,Bike,18,1.0,89
47,6.58,Clear,Low,Afternoon,Bike,13,1.0,34
535,15.5,Clear,Medium,Morning,Scooter,28,9.0,91
96,10.13,Clear,Medium,Evening,Bike,22,0.0,65
932,16.78,Rainy,Medium,Morning,Bike,22,1.0,70
491,9.39,Clear,Low,Morning,Bike,14,2.0,37
672,17.99,Foggy,Low,Morning,Car,11,2.0,84
648,13.74,Foggy,Medium,Afternoon,Bike,6,1.0,56
295,2.98,Foggy,,Night,Bike,11,2.0,27
351,10.31,Foggy,Medium,Morning,Scooter,19,5.0,62
846,8.59,Clear,Low,Evening,Bike,22,2.0,43
561,14.23,Clear,Medium,Afternoon,Scooter,23,7.0,70
946,0.71,Rainy,Low,Morning,Car,25,8.0,31
368,18.15,Windy,Medium,Morning,Bike,11,2.0,89
266,14.94,Clear,Medium,Morning,Bike,11,0.0,62
220,17.06,Clear,Low,Evening,Bike,9,9.0,66
407,8.09,Foggy,Low,Evening,Car,22,2.0,56
763,5.35,Clear,Medium,Afternoon,Scooter,24,6.0,43
349,7.8,Windy,Medium,Afternoon,Car,17,6.0,44
424,10.14,Clear,Medium,Morning,Scooter,20,1.0,59
321,11.21,Clear,High,Afternoon,Scooter,23,1.0,76
739,9.06,Clear,High,Evening,Bike,26,3.0,61
229,17.89,Windy,Low,,Bike,27,1.0,101
31,12.35,Clear,Low,Morning,Scooter,10,6.0,35
287,9.58,Clear,High,Afternoon,Car,26,8.0,60
706,19.8,Clear,High,Evening,Bike,7,3.0,88
527,8.59,Clear,Low,Night,Scooter,17,8.0,36
549,10.65,Clear,,Afternoon,Scooter,23,8.0,58
101,1.11,Clear,High,Morning,Scooter,22,8.0,35
815,17.46,Clear,Medium,Morning,Scooter,6,,62
635,2.59,Windy,Medium,,Bike,13,5.0,28
380,6.0,Rainy,Medium,Evening,Scooter,21,2.0,47
252,8.01,Clear,High,Morning,Bike,8,6.0,48
837,18.34,Clear,High,Night,Bike,9,4.0,92
810,2.71,Clear,Medium,Morning,Car,6,5.0,19
580,5.54,Rainy,Medium,,Scooter,28,9.0,51
290,12.02,Clear,Low,Morning,Car,9,7.0,41
617,1.69,Windy,,Afternoon,Car,11,7.0,20
561,14.23,Clear,Medium,Afternoon,Scooter,23,7.0,70
80,2.76,Windy,Medium,Night,Bike,6,2.0,27
283,7.82,Rainy,Medium,Evening,Bike,16,8.0,45
445,16.35,Foggy,Medium,Night,Bike,16,6.0,67
697,6.13,Clear,Medium,Night,Scooter,22,0.0,48
170,12.02,Clear,Low,Afternoon,Bike,26,0.0,63
379,16.38,Clear,Medium,Morning,Bike,6,2.0,51
938,18.33,Foggy,Medium,Morning,Scooter,19,0.0,98
357,1.02,Windy,High,Evening,Bike,6,8.0,21
265,17.61,Clear,Medium,Evening,Scooter,21,9.0,79
154,10.04,Rainy,High,Afternoon,Bike,12,9.0,59
427,9.11,Clear,Low,Afternoon,Bike,19,6.0,42
994,12.01,Clear,Low,Morning,Scooter,26,6.0,57
3,14.77,,High,Morning,Scooter,11,6.0,67
653,11.94,Clear,Low,Evening,Bike,20,3.0,69
544,13.6,Clear,Medium,Afternoon,Bike,27,0.0,87
930,5.53,Clear,Low,Morning,Car,10,8.0,27
397,17.24,Clear,Low,Evening,Bike,17,5.0,69
833,3.25,Rainy,,Evening,Scooter,29,0.0,51
294,7.52,,Medium,Afternoon,Car,17,9.0,44
958,1.42,Clear,High,Afternoon,Scooter,24,2.0,40
972,18.77,Foggy,Low,Afternoon,Car,15,,71
270,6.23,Clear,Medium,Evening,Car,20,1.0,51
616,18.46,Rainy,Low,Morning,Bike,19,9.0,94
191,2.32,Clear,Low,Afternoon,Scooter,23,1.0,32
471,0.74,Rainy,Low,Morning,Car,13,4.0,21
5,3.54,Foggy,Low,,Bike,23,7.0,37
989,5.3,Clear,Medium,Afternoon,Scooter,29,3.0,47
465,19.26,Windy,Medium,Morning,Scooter,21,6.0,67
446,18.97,Clear,Low,Evening,Car,25,4.0,141
48,10.64,Clear,Medium,Afternoon,Scooter,14,5.0,45
695,2.74,Clear,High,Afternoon,Bike,18,9.0,37
703,7.06,Clear,Low,Afternoon,Scooter,26,5.0,51
729,4.43,Foggy,Low,Morning,Scooter,10,1.0,63
995,7.54,Snowy,Low,Afternoon,Bike,20,,55
536,18.92,Clear,High,Morning,Scooter,27,4.0,100
557,3.11,Rainy,Medium,Morning,Scooter,21,1.0,43
586,5.18,Clear,Medium,Afternoon,Car,9,2.0,30
171,13.71,Rainy,Medium,Evening,Bike,22,9.0,64
418,6.91,Clear,Low,Evening,Bike,27,8.0,91
534,11.33,,Low,Morning,Bike,25,3.0,60
608,7.6,Foggy,Low,Morning,Bike,16,4.0,48
254,6.68,Clear,High,Morning,Scooter,10,5.0,44
159,5.13,Foggy,Medium,Evening,Car,25,1.0,60
954,18.33,Snowy,Medium,Morning,Scooter,5,5.0,67
964,8.09,Clear,High,Afternoon,Scooter,15,4.0,51
545,12.55,Windy,Low,Evening,Bike,13,8.0,51
466,7.81,Clear,Low,Evening,Bike,11,4.0,42
444,7.73,Clear,High,Night,Bike,29,5.0,58
155,19.72,Rainy,Low,Afternoon,Bike,27,6.0,109
450,2.13,Rainy,Low,Morning,Scooter,9,2.0,22
134,7.08,Clear,Medium,Afternoon,Scooter,5,8.0,27
692,8.8,Rainy,Medium,Afternoon,Bike,6,2.0,38
797,18.68,Snowy,Low,Afternoon,Bike,11,8.0,62
133,2.84,Clear,Medium,Night,Scooter,28,1.0,44
104,10.42,Windy,Medium,Afternoon,Bike,28,3.0,72
651,2.19,Clear,Low,Evening,Bike,26,3.0,32
364,11.14,Rainy,Medium,Morning,Scooter,7,3.0,47
476,19.86,Rainy,High,Evening,Bike,12,8.0,71
323,13.37,Foggy,Medium,Evening,Scooter,16,9.0,71
961,2.11,Clear,Low,Afternoon,Scooter,28,5.0,34
34,19.0,Clear,High,Morning,Car,28,3.0,96
583,10.11,Rainy,,Afternoon,Scooter,23,2.0,63
449,7.84,Windy,Low,Afternoon,Bike,6,4.0,28
367,19.24,Snowy,Low,,Bike,26,1.0,114
359,18.83,Clear,Medium,Evening,Scooter,5,8.0,69
691,6.81,Clear,Medium,Evening,Bike,23,2.0,47
641,0.89,Rainy,Low,Morning,Car,9,0.0,20
156,5.22,Snowy,Low,Evening,Bike,11,9.0,40
485,11.89,Clear,Medium,Afternoon,Bike,28,0.0,79
531,16.35,Clear,Medium,Morning,Bike,16,0.0,66
399,15.14,Rainy,Medium,Morning,Bike,8,6.0,66
646,17.87,Snowy,Low,Morning,Scooter,29,4.0,87
785,4.04,Rainy,High,Evening,Bike,14,6.0,39
356,13.03,Foggy,Low,Morning,Scooter,9,1.0,50
793,10.36,Rainy,Medium,Afternoon,Bike,7,8.0,39
696,12.41,Clear,Medium,Morning,Car,10,1.0,51
444,7.73,Clear,High,Night,Bike,29,5.0,58
812,16.86,Snowy,Medium,Afternoon,Car,13,4.0,88
432,15.35,Rainy,High,Night,Scooter,23,9.0,80
641,0.89,Rainy,Low,Morning,Car,9,0.0,20
845,3.4,Windy,Medium,Morning,Bike,11,6.0,30
150,5.93,Foggy,High,,Scooter,27,1.0,106
58,4.32,,Medium,Morning,Bike,17,4.0,36
123,6.7,Foggy,High,Morning,Scooter,23,3.0,59
900,2.17,Snowy,Low,Evening,Car,15,3.0,35
310,5.78,Foggy,Low,Afternoon,Scooter,9,9.0,33
342,9.73,Clear,Low,Afternoon,Bike,29,6.0,60
744,10.3,Clear,Low,Morning,Car,12,7.0,41
104,10.42,Windy,Medium,Afternoon,Bike,28,3.0,72
586,5.18,Clear,Medium,Afternoon,Car,9,2.0,30
742,6.38,Snowy,Low,Evening,Bike,16,1.0,111
151,18.21,,Low,Evening,Bike,6,3.0,74
946,0.71,Rainy,Low,Morning,Car,25,8.0,31
663,12.31,Windy,Low,Morning,Bike,29,4.0,68
644,6.89,Rainy,Medium,Afternoon,Bike,11,6.0,43
474,17.88,Clear,Medium,Evening,Bike,29,3.0,98
467,6.07,,Low,Afternoon,Bike,18,4.0,35
970,9.78,Clear,Medium,Afternoon,Bike,18,3.0,58
811,19.7,Rainy,Low,Evening,Bike,10,2.0,60
763,5.35,Clear,Medium,Afternoon,Scooter,24,6.0,43
346,12.51,Clear,Medium,Evening,Bike,18,5.0,62
184,17.61,Windy,Low,Morning,Bike,5,8.0,61
397,17.24,Clear,Low,Evening,Bike,17,5.0,69
906,17.91,Clear,Low,Afternoon,Bike,6,7.0,68
324,5.96,Clear,Low,Afternoon,Bike,26,6.0,48
102,12.91,Windy,Medium,Evening,Bike,11,6.0,56
363,9.44,Rainy,,Evening,Scooter,28,8.0,63
431,3.29,Clear,Medium,Afternoon,Scooter,17,4.0,32
804,12.33,Clear,High,Night,Bike,7,2.0,101
425,1.62,Windy,Low,Evening,Bike,9,8.0,16
278,13.17,Windy,Medium,Afternoon,Bike,16,4.0,67
959,3.74,Rainy,Low,Morning,Bike,19,6.0,36
234,10.1,Clear,High,Morning,Car,17,6.0,55
14,4.64,Clear,Low,Afternoon,Bike,15,9.0,24
456,10.11,Windy,Low,Morning,Bike,11,4.0,44
160,14.7,Clear,Medium,Morning,Scooter,6,2.0,58
901,4.55,Rainy,Low,Afternoon,Bike,5,6.0,21
835,10.22,Foggy,Low,Afternoon,Scooter,21,0.0,61
543,4.96,Rainy,High,Morning,Bike,21,0.0,60
113,18.63,Clear,Low,Evening,Bike,26,8.0,75
587,1.98,Rainy,Low,Afternoon,Bike,22,0.0,39
340,2.41,,Medium,Evening,Bike,15,9.0,25
851,1.81,Clear,Medium,Afternoon,Car,23,3.0,34
199,17.8,Snowy,Medium,Morning,Bike,16,9.0,73
640,7.86,Windy,Medium,Morning,Car,22,2.0,55
438,16.53,Snowy,Low,Afternoon,Scooter,24,9.0,99
985,14.7,Clear,Medium,Evening,Scooter,24,5.0,75
873,13.06,Rainy,High,Morning,Bike,17,8.0,59
683,3.83,Rainy,Low,Evening,Car,27,3.0,49
913,12.67,Windy,Medium,Morning,Scooter,7,3.0,43
727,3.23,Rainy,Low,Morning,Car,25,7.0,42
952,13.47,Clear,Medium,Evening,Bike,19,4.0,59
874,8.47,Foggy,Medium,Evening,Bike,24,0.0,68
749,18.18,Snowy,High,,Bike,17,3.0,85
294,7.52,,Medium,Afternoon,Car,17,9.0,44
168,4.14,Rainy,Low,Morning,Bike,23,2.0,41
390,16.23,Clear,Medium,Evening,Bike,6,0.0,54
330,5.33,Clear,Low,Evening,Car,29,1.0,51
120,11.02,Clear,High,Morning,Scooter,22,2.0,70
649,15.89,Snowy,Medium,Afternoon,Car,15,9.0,91
707,6.79,Rainy,Low,Evening,Scooter,16,1.0,39
295,2.98,Foggy,,Night,Bike,11,2.0,27
806,14.86,,High,Night,Scooter,15,4.0,91
363,9.44,Rainy,,Evening,Scooter,28,8.0,63
447,19.73,Rainy,Low,Evening,Bike,8,8.0,64
92,14.41,Rainy,,Night,Bike,16,6.0,85
784,7.24,Rainy,Medium,Evening,Bike,28,6.0,65
395,7.15,Clear,High,Night,Car,29,7.0,60
163,12.85,Clear,Low,Afternoon,Scooter,5,,54
131,8.64,Snowy,Low,Evening,Bike,29,4.0,62
5,3.54,Foggy,Low,,Bike,23,7.0,37
922,10.0,Clear,Medium,Afternoon,Scooter,6,9.0,47
591,3.21,Rainy,High,Night,Scooter,16,0.0,42
517,7.84,Rainy,Low,Morning,Scooter,7,8.0,36
477,1.94,Foggy,Low,Night,Bike,10,1.0,25
967,14.52,Clear,Medium,Afternoon,Car,26,5.0,86
792,11.93,Snowy,High,Morning,Car,7,1.0,75
814,18.46,Clear,,,Scooter,29,1.0,153
809,9.29,Clear,Medium,Morning,Bike,17,2.0,49
307,10.57,Snowy,Low,Afternoon,Bike,28,9.0,59
836,8.67,Rainy,High,Afternoon,Bike,12,7.0,104
426,11.22,Windy,High,Evening,Bike,25,5.0,79
273,17.41,Snowy,Medium,Evening,Bike,20,4.0,80
750,12.67,Clear,Medium,Evening,Car,10,3.0,65
121,16.25,Foggy,High,Morning,Bike,10,5.0,91
119,17.9,Clear,Low,Morning,Bike,23,,85
929,12.85,Rainy,Medium,Evening,Scooter,6,7.0,61
484,12.74,Clear,Low,Night,Scooter,18,0.0,67
942,11.31,Clear,Medium,Evening,Bike,7,0.0,54
178,8.04,Clear,Medium,Evening,Car,27,0.0,65
532,19.99,Rainy,High,Evening,Bike,17,1.0,112
332,15.28,Snowy,Low,Evening,Bike,16,5.0,72
854,18.01,Foggy,High,Night,Bike,14,2.0,71
422,15.9,Rainy,Low,Evening,Car,19,5.0,78
637,10.89,Clear,High,Night,Bike,12,5.0,53
770,16.51,Clear,Medium,Morning,Bike,7,1.0,79
613,12.74,Rainy,Low,Afternoon,Bike,17,9.0,63
760,15.88,Rainy,Low,Evening,Car,17,1.0,68
514,17.39,Clear,Medium,Evening,Scooter,5,6.0,46
560,12.6,Windy,Medium,Afternoon,Car,8,6.0,58
393,7.75,,Medium,Evening,Scooter,21,1.0,55
959,3.74,Rainy,Low,Morning,Bike,19,6.0,36
281,17.86,Rainy,Low,Afternoon,Bike,5,1.0,50
915,11.26,Clear,Low,Night,Bike,5,6.0,49
899,0.75,Clear,Medium,Afternoon,Bike,10,5.0,16
453,8.77,Foggy,Medium,Evening,Car,14,7.0,49
516,1.01,Clear,High,Night,Bike,17,7.0,29
321,11.21,Clear,High,Afternoon,Scooter,23,1.0,76
244,7.72,Foggy,High,Evening,Bike,19,4.0,64
711,15.32,Clear,Medium,Morning,Bike,17,6.0,80
463,15.05,Clear,Medium,Evening,Car,12,2.0,66
781,14.03,Clear,Low,Afternoon,Bike,17,2.0,65
982,15.53,Foggy,Low,Evening,Bike,26,7.0,68
148,10.3,Rainy,Low,Evening,Bike,29,0.0,73
143,10.2,Rainy,Medium,Afternoon,Bike,18,9.0,56
269,7.51,Rainy,Low,Evening,Car,27,6.0,50
361,8.07,Windy,Low,Evening,Bike,21,4.0,48
280,16.02,Clear,Low,Evening,Bike,20,7.0,61
953,3.92,Rainy,Medium,Night,Bike,20,9.0,41
389,15.14,Windy,Medium,Morning,Bike,15,4.0,71
206,0.68,Snowy,High,Evening,Bike,29,8.0,50
291,1.09,Clear,Medium,Morning,Scooter,6,2.0,17
609,10.32,Clear,Medium,Night,Car,24,5.0,49
70,19.74,,Low,,Car,21,7.0,71
254,6.68,Clear,High,Morning,Scooter,10,5.0,44
774,8.25,Windy,Medium,Evening,Car,24,4.0,62
625,12.56,Clear,Low,Morning,Car,22,8.0,49
123,6.7,Foggy,High,Morning,Scooter,23,3.0,59
261,12.49,Clear,Medium,Morning,Bike,25,4.0,77
208,13.44,Clear,,Evening,Scooter,9,5.0,55
992,14.05,Clear,High,Morning,Scooter,19,0.0,72
802,3.47,Snowy,High,Night,Bike,24,9.0,53
618,5.9,Rainy,Low,Evening,Car,26,9.0,44
772,17.01,Snowy,Low,Night,Bike,28,6.0,97
761,3.46,Clear,Low,Morning,Bike,24,6.0,37
673,2.06,Foggy,Medium,Evening,Scooter,22,4.0,40
746,18.04,Clear,Medium,Morning,Bike,8,5.0,71
175,13.08,Rainy,Low,Morning,Car,16,4.0,58
825,10.98,Rainy,Low,Morning,Scooter,10,6.0,55
271,16.28,Rainy,Low,Morning,Scooter,8,9.0,71
173,10.49,Rainy,Low,Morning,Bike,28,9.0,66
671,3.88,Clear,Medium,Morning,Bike,16,2.0,35
640,7.86,Windy,Medium,Morning,Car,22,2.0,55
46,13.42,Rainy,Medium,Evening,Bike,6,6.0,105
871,7.78,Foggy,High,Afternoon,Bike,25,3.0,74
981,7.02,Clear,Medium,Evening,Car,23,2.0,53
614,2.09,Clear,Medium,Evening,Bike,5,5.0,16
903,4.04,Snowy,Low,Night,Bike,11,9.0,70
174,4.92,Clear,High,Morning,Scooter,12,0.0,41
336,1.29,Rainy,Low,Evening,Bike,7,7.0,15
626,7.69,Rainy,High,Morning,Scooter,16,3.0,58
693,10.4,Clear,Low,Evening,Bike,16,4.0,52
205,12.33,Clear,Medium,Evening,Bike,22,9.0,75
938,18.33,Foggy,Medium,Morning,Scooter,19,0.0,98
797,18.68,Snowy,Low,Afternoon,Bike,11,8.0,62
76,14.72,Clear,,Evening,Scooter,15,8.0,80
651,2.19,Clear,Low,Evening,Bike,26,3.0,32
796,17.51,Clear,Medium,Evening,Bike,15,3.0,60
982,15.53,Foggy,Low,Evening,Bike,26,7.0,68
984,1.97,Clear,High,Morning,Car,28,7.0,43
169,1.3,Clear,Medium,Evening,Bike,22,4.0,31
686,11.36,Foggy,Low,Afternoon,Bike,6,4.0,47
459,1.6,Clear,Medium,Evening,Bike,14,8.0,24
11,0.9,Clear,Low,Afternoon,Bike,20,8.0,23
887,13.23,Clear,Medium,Night,Bike,20,8.0,70
100,2.6,Clear,Low,Afternoon,Bike,16,1.0,29
956,7.97,Windy,Medium,Evening,Scooter,9,8.0,35
841,0.76,Clear,Low,Afternoon,Car,26,9.0,28
404,16.62,Snowy,Low,Afternoon,Bike,26,8.0,94
50,4.1,Clear,Low,Morning,Bike,21,3.0,37
146,1.22,Foggy,High,Afternoon,Scooter,14,2.0,38
45,5.55,Foggy,High,Evening,Bike,18,1.0,116
643,4.62,Rainy,Medium,Afternoon,Car,8,3.0,33
434,2.47,Rainy,Low,Afternoon,Car,22,6.0,34
545,12.55,Windy,Low,Evening,Bike,13,8.0,51
179,18.77,Snowy,Medium,Evening,Bike,24,0.0,115
362,13.04,Clear,Medium,Morning,Scooter,20,6.0,65
457,0.72,Rainy,Medium,Afternoon,Scooter,9,2.0,23
607,4.52,,Low,Evening,Car,17,0.0,71
83,6.95,Clear,Medium,Morning,Scooter,25,2.0,58
177,13.97,Snowy,Low,Evening,Scooter,14,8.0,52
207,2.48,Rainy,Low,Evening,Scooter,20,8.0,30
42,10.16,Snowy,Medium,Night,Bike,10,1.0,67
642,6.78,Foggy,Low,Night,Bike,18,6.0,42
512,8.66,Snowy,High,Morning,Bike,29,3.0,77
331,7.44,Rainy,Low,Evening,Bike,27,,53
147,12.39,Snowy,Medium,Evening,Bike,14,8.0,56
799,14.08,Clear,High,Morning,Bike,28,6.0,66
786,18.21,Foggy,Low,Morning,Bike,5,1.0,70
139,7.59,Clear,,Afternoon,Scooter,16,3.0,37
628,15.08,Rainy,Medium,Evening,Scooter,26,1.0,94
884,2.53,Snowy,Low,Morning,Bike,6,8.0,24
906,17.91,Clear,Low,Afternoon,Bike,6,7.0,68
615,17.53,Clear,Low,Afternoon,Bike,14,6.0,79
855,4.5,Windy,Low,Evening,Scooter,20,6.0,32
96,10.13,Clear,Medium,Evening,Bike,22,0.0,65
204,18.02,Clear,,Evening,Car,12,3.0,77
955,8.67,Windy,High,Morning,Bike,20,4.0,55
759,17.93,Clear,Medium,Afternoon,Bike,29,4.0,85
369,4.32,Clear,Low,Morning,Bike,21,9.0,34
394,15.64,Rainy,Low,,Bike,20,4.0,141
670,6.06,Foggy,Low,Afternoon,Scooter,10,8.0,41
538,5.32,Rainy,Low,Afternoon,Scooter,27,2.0,48
943,13.2,Snowy,Low,Morning,Car,14,3.0,62
105,18.2,Windy,Medium,Morning,Bike,27,1.0,108
319,3.55,Clear,Medium,Evening,Bike,23,0.0,43
551,10.64,Windy,Low,Evening,Car,11,9.0,36
184,17.61,Windy,Low,Morning,Bike,5,8.0,61
443,7.8,Rainy,Medium,Morning,Bike,11,7.0,49
165,2.26,Clear,Medium,Morning,Scooter,6,3.0,19
920,3.23,Clear,Low,,Bike,7,7.0,14
335,1.4,Windy,Low,Evening,Bike,9,9.0,17
80,2.76,Windy,Medium,Night,Bike,6,2.0,27
795,0.85,Clear,Medium,Morning,Bike,9,8.0,17
571,10.52,Rainy,Medium,Afternoon,Scooter,8,4.0,56
474,17.88,Clear,Medium,Evening,Bike,29,3.0,98
944,16.68,,Medium,Afternoon,Bike,9,9.0,63
840,12.83,Clear,Low,Evening,Bike,5,8.0,50
172,0.82,Windy,Low,Morning,Car,18,9.0,23
717,16.7,Clear,Medium,Afternoon,Scooter,28,1.0,76
519,19.75,Clear,Medium,Morning,Bike,25,1.0,103
675,8.5,Snowy,High,Evening,Bike,14,7.0,56
115,12.85,Rainy,Medium,Morning,Scooter,14,8.0,73
277,16.07,Clear,Medium,Evening,Bike,16,5.0,64
550,15.56,Rainy,Low,Afternoon,Scooter,28,0.0,72
122,17.97,Windy,Medium,Morning,Scooter,28,7.0,92
802,3.47,Snowy,High,Night,Bike,24,9.0,53
230,12.81,Clear,Low,Morning,Bike,12,2.0,51
427,9.11,Clear,Low,Afternoon,Bike,19,6.0,42
65,5.98,Clear,Low,Evening,Car,22,9.0,35
2,19.04,Rainy,Low,Evening,Car,12,6.0,60
962,12.26,Clear,Low,Afternoon,Bike,20,2.0,66
739,9.06,Clear,High,Evening,Bike,26,3.0,61
974,4.69,Rainy,Medium,Evening,Scooter,12,7.0,36
589,3.0,Clear,Low,Morning,Scooter,29,1.0,43
187,16.44,Rainy,High,Afternoon,Bike,12,,86
708,16.29,Clear,Low,Morning,Bike,20,1.0,72
109,4.96,Rainy,Low,Afternoon,Car,10,7.0,28
484,12.74,Clear,Low,Night,Scooter,18,0.0,67
845,3.4,Windy,Medium,Morning,Bike,11,6.0,30
779,14.54,Clear,Medium,Evening,Bike,29,2.0,73
285,11.78,Clear,Low,Afternoon,Scooter,26,3.0,71
246,18.6,Rainy,Medium,Morning,Car,28,9.0,77
249,19.29,Windy,Medium,Evening,Scooter,7,8.0,84
756,15.98,Foggy,Low,Morning,Car,21,6.0,90
935,3.85,Rainy,Medium,Afternoon,Bike,26,3.0,46
615,17.53,Clear,Low,Afternoon,Bike,14,6.0,79
460,2.82,Rainy,Medium,Evening,Scooter,10,1.0,29
740,7.85,Clear,Low,Afternoon,Scooter,7,9.0,34
216,5.13,Clear,Low,Morning,Car,15,4.0,30
155,19.72,Rainy,Low,Afternoon,Bike,27,6.0,109
279,14.19,Clear,Medium,Afternoon,Bike,9,1.0,57
732,16.38,Rainy,Medium,Night,Bike,7,,90
902,1.02,Clear,Medium,Afternoon,Bike,25,4.0,34
562,4.65,Clear,Medium,Evening,Bike,21,1.0,46
29,12.05,Clear,Low,Evening,Scooter,29,4.0,61
149,1.5,Foggy,Medium,Evening,Scooter,15,4.0,32
193,18.06,Clear,Medium,Night,Bike,9,8.0,52
93,15.34,Rainy,Low,Afternoon,Bike,18,6.0,54
817,12.03,Clear,Medium,,Car,20,5.0,65
360,11.72,Rainy,Low,Evening,Bike,11,9.0,42
835,10.22,Foggy,Low,Afternoon,Scooter,21,0.0,61
55,12.16,Windy,High,Evening,Scooter,11,0.0,69
276,10.28,Clear,Medium,Evening,Scooter,29,3.0,71
923,17.94,Rainy,High,Evening,Scooter,22,6.0,85
907,16.44,Windy,High,Afternoon,Car,8,0.0,80
247,8.85,Clear,Low,Afternoon,Bike,11,9.0,45
563,3.16,Snowy,Low,Morning,Car,9,,27
432,15.35,Rainy,High,Night,Scooter,23,9.0,80
344,8.96,Snowy,,Morning,Car,6,5.0,51
808,18.55,Clear,Low,Afternoon,Car,11,9.0,69
376,6.72,Foggy,Low,Evening,Bike,8,5.0,31
289,6.09,Clear,Medium,Night,Bike,7,4.0,27
524,16.92,Clear,Low,Morning,Scooter,29,0.0,70
453,8.77,Foggy,Medium,Evening,Car,14,7.0,49
579,10.1,Rainy,Low,Evening,Car,8,4.0,50
659,13.1,Clear,Low,Evening,Bike,28,2.0,72
462,13.16,Rainy,High,Morning,Scooter,25,8.0,68
183,18.53,Rainy,Low,Afternoon,Scooter,8,8.0,57
57,2.23,Snowy,Medium,Evening,Car,14,0.0,41
996,2.29,Rainy,High,Afternoon,Car,8,8.0,80
573,8.23,Snowy,Low,Evening,Bike,17,3.0,56
146,1.22,Foggy,High,Afternoon,Scooter,14,2.0,38
773,2.99,Foggy,High,Afternoon,Bike,9,5.0,90
420,15.17,Windy,Low,Morning,Bike,25,4.0,77
871,7.78,Foggy,High,Afternoon,Bike,25,3.0,74
217,6.85,Clear,High,Morning,Bike,16,5.0,48
262,19.81,Snowy,Medium,Afternoon,Car,20,5.0,104
769,7.17,Clear,Medium,Morning,Scooter,7,9.0,29
736,17.61,Foggy,Medium,Afternoon,Bike,9,5.0,74
822,0.59,Clear,Low,Afternoon,Bike,21,0.0,27
91,2.83,Windy,Medium,Afternoon,Scooter,14,6.0,28
694,5.23,Clear,Medium,Morning,Scooter,19,4.0,37
180,3.18,Rainy,Medium,Evening,Bike,21,3.0,42
288,11.08,Clear,Low,Evening,Scooter,28,2.0,58
700,9.88,Rainy,Medium,Morning,Car,7,0.0,43
912,5.73,Foggy,Low,Morning,Scooter,7,2.0,30
696,12.41,Clear,Medium,Morning,Car,10,1.0,51
540,3.02,Rainy,Medium,Morning,Bike,23,1.0,46
617,1.69,Windy,,Afternoon,Car,11,7.0,20
239,13.09,Windy,Low,,Scooter,17,1.0,69
47,6.58,Clear,Low,Afternoon,Bike,13,1.0,34
941,5.84,Clear,,Evening,Bike,21,7.0,35
900,2.17,Snowy,Low,Evening,Car,15,3.0,35
831,4.88,Windy,Medium,Afternoon,Scooter,26,7.0,48
293,16.54,Rainy,Low,Afternoon,Scooter,6,7.0,51
374,13.82,Clear,Medium,Evening,Bike,21,9.0,72
366,8.03,Clear,Low,Evening,Scooter,14,8.0,42
227,19.47,Clear,Low,Morning,Bike,16,8.0,83
783,5.41,Clear,High,Morning,Scooter,17,6.0,38
908,7.17,Clear,Low,Afternoon,Bike,15,7.0,32
77,15.54,Clear,Low,Night,Bike,29,1.0,76
743,15.08,Snowy,Low,Evening,Bike,29,7.0,84
400,15.21,Snowy,Medium,Afternoon,Bike,20,9.0,90
714,8.53,Clear,Low,Evening,Scooter,8,2.0,41
644,6.89,Rainy,Medium,Afternoon,Bike,11,6.0,43
275,10.47,Clear,High,Evening,Scooter,14,7.0,55
719,2.92,Windy,High,Afternoon,Bike,24,4.0,48
874,8.47,Foggy,Medium,Evening,Bike,24,0.0,68
865,8.31,Windy,Medium,Morning,Bike,6,5.0,44
849,10.29,Foggy,Medium,Evening,Scooter,25,4.0,67
106,5.36,Clear,Low,Afternoon,Scooter,11,4.0,30
417,6.22,Clear,Low,Afternoon,Bike,16,9.0,29
366,8.03,Clear,Low,Evening,Scooter,14,8.0,42
54,17.95,Snowy,High,Morning,Scooter,16,,96
358,11.92,Clear,Low,Afternoon,Scooter,14,4.0,46
801,14.29,Windy,Medium,Morning,Bike,14,7.0,78
200,15.71,Clear,Low,Afternoon,Scooter,28,5.0,69
208,13.44,Clear,,Evening,Scooter,9,5.0,55
381,2.8,Clear,High,Afternoon,Bike,28,1.0,50
443,7.8,Rainy,Medium,Morning,Bike,11,7.0,49
135,18.89,Rainy,Medium,Morning,Scooter,22,1.0,74
880,4.83,Rainy,Low,Morning,Car,25,9.0,47
622,4.58,Clear,High,Morning,Scooter,22,9.0,45
36,16.26,Rainy,Low,Morning,Car,27,5.0,66
536,18.92,Clear,High,Morning,Scooter,27,4.0,100
842,13.44,Clear,Medium,Morning,Car,22,1.0,79
975,1.11,Clear,Low,Morning,Bike,5,6.0,8
251,6.24,Snowy,Low,Afternoon,Bike,20,4.0,51
296,10.68,Clear,Low,Morning,Bike,14,1.0,42
600,1.3,Foggy,Low,Evening,Bike,19,5.0,29
771,2.66,Clear,Low,Afternoon,Bike,16,8.0,21
594,7.24,Clear,Medium,Afternoon,Bike,28,7.0,57
464,11.88,Rainy,Medium,Afternoon,Bike,5,1.0,63
614,2.09,Clear,Medium,Evening,Bike,5,5.0,16
568,9.03,Clear,Low,,Bike,11,5.0,43
556,8.37,Clear,High,Evening,Scooter,13,7.0,42
315,16.8,,High,Morning,Car,19,4.0,85
630,5.42,Clear,Low,Evening,Scooter,11,9.0,26
462,13.16,Rainy,High,Morning,Scooter,25,8.0,68
580,5.54,Rainy,Medium,,Scooter,28,9.0,51
872,5.78,Clear,High,Morning,Bike,11,5.0,38
311,9.06,Clear,Medium,Evening,Bike,23,4.0,47
171,13.71,Rainy,Medium,Evening,Bike,22,9.0,64
290,12.02,Clear,Low,Morning,Car,9,7.0,41
657,6.03,Rainy,High,Afternoon,Car,8,6.0,46
695,2.74,Clear,High,Afternoon,Bike,18,9.0,37
95,15.53,Clear,Low,Morning,Bike,26,6.0,83
385,14.83,Rainy,Low,Morning,Car,19,4.0,126
848,19.94,Clear,Low,Afternoon,Bike,26,6.0,83
912,5.73,Foggy,Low,Morning,Scooter,7,2.0,30
892,17.19,Clear,Medium,Afternoon,Bike,11,8.0,76
373,2.34,Foggy,Medium,Morning,Bike,8,2.0,28
582,19.61,Clear,High,Evening,Bike,8,6.0,72
97,10.69,Clear,Medium,Night,Bike,25,9.0,67
551,10.64,Windy,Low,Evening,Car,11,9.0,36
268,14.2,Clear,Medium,Afternoon,Bike,17,1.0,73
157,13.61,Clear,Low,,Scooter,12,2.0,43
239,13.09,Windy,Low,,Scooter,17,1.0,69
174,4.92,Clear,High,Morning,Scooter,12,0.0,41
316,14.07,Rainy,Low,Evening,Bike,10,5.0,63
789,9.51,Clear,High,Morning,Bike,26,9.0,63
870,18.95,Snowy,Low,Morning,Car,27,0.0,92
339,9.75,Clear,Low,Afternoon,Bike,22,7.0,50
26,15.81,Clear,Low,,Car,25,1.0,92
698,11.83,Clear,Low,Evening,Scooter,9,7.0,32
404,16.62,Snowy,Low,Afternoon,Bike,26,8.0,94
674,10.73,Foggy,Low,Morning,Bike,6,6.0,35
671,3.88,Clear,Medium,Morning,Bike,16,2.0,35
212,13.99,Clear,High,Evening,Scooter,7,3.0,96
136,6.8,Clear,High,Evening,Bike,28,5.0,55
776,3.42,Clear,Medium,Night,Car,11,9.0,24
974,4.69,Rainy,Medium,Evening,Scooter,12,7.0,36
570,7.29,Clear,High,Evening,Car,11,7.0,48
909,5.56,Clear,Low,Afternoon,Scooter,19,5.0,31
402,18.1,Clear,Low,Morning,Scooter,8,5.0,77
743,15.08,Snowy,Low,Evening,Bike,29,7.0,84
293,16.54,Rainy,Low,Afternoon,Scooter,6,7.0,51
507,18.26,Rainy,High,Night,Scooter,28,7.0,93
473,1.34,Foggy,High,Evening,Bike,9,5.0,30
819,1.57,Rainy,Low,Evening,Car,16,1.0,30
30,1.41,Foggy,Medium,Evening,Bike,15,0.0,72
441,2.15,Windy,Medium,Afternoon,Car,17,6.0,30
23,6.2,Windy,High,Evening,Scooter,7,3.0,42
110,2.0,Clear,High,Evening,Scooter,10,2.0,30
928,11.06,Clear,High,Evening,Bike,6,9.0,53
735,7.5,Clear,High,Morning,Bike,29,1.0,66
960,14.89,Snowy,High,Morning,Scooter,17,6.0,87
152,5.17,Foggy,Low,Morning,Bike,29,0.0,56
712,12.11,Clear,Medium,Evening,Bike,28,0.0,75
967,14.52,Clear,Medium,Afternoon,Car,26,5.0,86
39,13.84,Clear,Low,Morning,Scooter,18,,64
925,8.79,Snowy,Low,Night,Bike,14,6.0,43
905,8.72,Snowy,Medium,Evening,Car,18,7.0,64
918,18.99,Rainy,High,Afternoon,Bike,10,6.0,70
257,18.76,Clear,Medium,Evening,Car,15,2.0,80
795,0.85,Clear,Medium,Morning,Bike,9,8.0,17
571,10.52,Rainy,Medium,Afternoon,Scooter,8,4.0,56
553,11.26,Foggy,High,Afternoon,Bike,14,2.0,70
301,1.51,Clear,High,Afternoon,Bike,14,2.0,32
702,1.51,Clear,High,Evening,Bike,26,1.0,44
785,4.04,Rainy,High,Evening,Bike,14,6.0,39
305,14.66,Snowy,High,Morning,Car,5,6.0,71
581,9.45,Clear,Low,Afternoon,Car,13,0.0,49
780,13.0,Foggy,Low,Evening,Bike,25,7.0,77
786,18.21,Foggy,Low,Morning,Bike,5,1.0,70
603,3.95,Clear,Medium,Morning,Car,28,5.0,47
867,3.53,Clear,Medium,Afternoon,Bike,13,7.0,31
391,19.81,Clear,Low,Afternoon,Bike,27,1.0,74
227,19.47,Clear,Low,Morning,Bike,16,8.0,83
500,19.73,Foggy,Medium,Evening,Bike,27,4.0,111
216,5.13,Clear,Low,Morning,Car,15,4.0,30
719,2.92,Windy,High,Afternoon,Bike,24,4.0,48
890,5.24,Windy,High,Afternoon,Scooter,26,8.0,51
468,17.44,Clear,Low,Evening,Bike,25,9.0,89
520,3.43,Windy,Medium,Morning,Bike,7,6.0,23
201,13.02,Snowy,High,Afternoon,Car,6,9.0,65
469,4.86,Foggy,Medium,Evening,Car,25,4.0,52
985,14.7,Clear,Medium,Evening,Scooter,24,5.0,75
398,8.87,Clear,Low,Evening,Bike,19,3.0,55
914,8.48,Clear,High,Night,Bike,11,5.0,39
732,16.38,Rainy,Medium,Night,Bike,7,,90
721,18.8,Clear,High,Afternoon,Bike,23,7.0,95
416,9.24,Windy,,Afternoon,Bike,8,2.0,49
539,9.29,Clear,Medium,Evening,Bike,10,9.0,40
602,5.93,Clear,Low,Afternoon,Scooter,19,3.0,36
428,17.81,Windy,High,Evening,Bike,21,4.0,122
646,17.87,Snowy,Low,Morning,Scooter,29,4.0,87
345,8.27,,High,Afternoon,Scooter,13,5.0,58
770,16.51,Clear,Medium,Morning,Bike,7,1.0,79
159,5.13,Foggy,Medium,Evening,Car,25,1.0,60
731,3.7,Clear,Medium,Morning,Bike,28,7.0,45
82,12.65,Clear,Low,Evening,Bike,15,4.0,66
329,8.68,Rainy,Medium,Morning,Bike,8,5.0,52
839,11.82,Windy,Medium,Night,Bike,24,7.0,77
509,19.02,Rainy,High,Evening,Scooter,22,1.0,106
411,6.73,Clear,Medium,Afternoon,Bike,21,1.0,54
450,2.13,Rainy,Low,Morning,Scooter,9,2.0,22
6,3.54,Rainy,Medium,Evening,Bike,10,5.0,32
333,0.78,Clear,Medium,Morning,Bike,6,1.0,17
200,15.71,Clear,Low,Afternoon,Scooter,28,5.0,69
902,1.02,Clear,Medium,Afternoon,Bike,25,4.0,34
32,3.83,Rainy,Medium,Afternoon,Bike,12,9.0,30
820,7.04,Clear,Low,Afternoon,Bike,11,8.0,38
947,3.17,Clear,Medium,Evening,Scooter,17,6.0,33
308,6.8,Foggy,Medium,Morning,Scooter,13,7.0,46
182,2.71,Clear,Low,Morning,Scooter,6,1.0,20
888,5.14,Clear,Medium,Evening,Scooter,23,7.0,43
664,5.13,Clear,Medium,Morning,Car,16,1.0,38
973,14.79,Clear,Medium,Morning,Scooter,12,9.0,64
958,1.42,Clear,High,Afternoon,Scooter,24,2.0,40
951,12.21,Clear,High,Morning,Bike,9,4.0,57
458,9.64,Rainy,Medium,Evening,Bike,14,6.0,52
312,2.03,Foggy,High,Evening,Car,14,4.0,36
836,8.67,Rainy,High,Afternoon,Bike,12,7.0,104
740,7.85,Clear,Low,Afternoon,Scooter,7,9.0,34
497,11.88,Rainy,Medium,Evening,Bike,20,8.0,69
910,7.9,Clear,Low,Afternoon,Scooter,22,,48
25,9.39,Windy,Medium,Morning,Scooter,21,9.0,50
630,5.42,Clear,Low,Evening,Scooter,11,9.0,26
455,2.67,Clear,Medium,Night,Car,17,6.0,28
431,3.29,Clear,Medium,Afternoon,Scooter,17,4.0,32
945,4.53,Snowy,Medium,Morning,Scooter,18,4.0,49
971,13.44,Clear,Low,Night,Bike,29,0.0,63
266,14.94,Clear,Medium,Morning,Bike,11,0.0,62
987,13.92,Snowy,Low,Morning,Scooter,18,4.0,70
722,4.03,Clear,Medium,Evening,Bike,9,5.0,25
365,18.86,Snowy,Medium,Night,Bike,18,1.0,89
907,16.44,Windy,High,Afternoon,Car,8,0.0,80
479,19.4,Snowy,,Afternoon,Scooter,23,9.0,92
837,18.34,Clear,High,Night,Bike,9,4.0,92
156,5.22,Snowy,Low,Evening,Bike,11,9.0,40
327,11.31,Clear,High,Evening,Bike,20,0.0,67
858,9.71,Clear,Low,Afternoon,Car,27,5.0,61
51,19.41,Foggy,Medium,Morning,Car,7,6.0,66
22,3.22,Clear,Medium,Afternoon,Bike,19,9.0,32
813,2.93,Clear,Medium,Morning,Bike,24,8.0,94
362,13.04,Clear,Medium,Morning,Scooter,20,6.0,65
53,18.82,Windy,Low,Morning,Car,5,3.0,77
364,11.14,Rainy,Medium,Morning,Scooter,7,3.0,47
326,14.89,Clear,High,Evening,Car,22,9.0,88
805,8.77,Clear,Medium,Morning,Car,12,2.0,42
235,4.31,Rainy,Medium,Afternoon,Bike,9,2.0,35
209,0.6,Clear,Low,Afternoon,Bike,26,3.0,30
525,16.85,Clear,High,Morning,Car,17,4.0,71
143,10.2,Rainy,Medium,Afternoon,Bike,18,9.0,56
715,7.3,Clear,Low,Night,Scooter,14,7.0,28
955,8.67,Windy,High,Morning,Bike,20,4.0,55
125,4.94,Rainy,High,Evening,Scooter,28,4.0,63
863,10.73,Clear,,Afternoon,Bike,7,5.0,57
35,19.33,Clear,Medium,Morning,Bike,7,8.0,73
635,2.59,Windy,Medium,,Bike,13,5.0,28
186,13.37,Windy,High,Afternoon,Scooter,17,8.0,63
916,9.0,Snowy,Medium,Afternoon,Car,29,3.0,78
951,12.21,Clear,High,Morning,Bike,9,4.0,57
57,2.23,Snowy,Medium,Evening,Car,14,0.0,41
701,10.89,Windy,Medium,Evening,Bike,7,0.0,58
730,3.69,Rainy,Medium,Afternoon,Bike,8,8.0,27
794,12.42,Rainy,Low,Evening,Bike,28,9.0,79
926,0.94,Clear,High,Morning,Bike,9,6.0,21
768,17.6,Clear,Low,Afternoon,Bike,27,3.0,69
809,9.29,Clear,Medium,Morning,Bike,17,2.0,49
824,8.26,Snowy,Low,Afternoon,Bike,15,1.0,57
986,10.16,Clear,High,Night,Bike,12,5.0,52
263,3.23,Clear,High,Afternoon,Bike,17,9.0,33
84,1.74,Foggy,High,Afternoon,Scooter,8,9.0,28
412,19.03,Clear,Low,Morning,Bike,16,5.0,68
781,14.03,Clear,Low,Afternoon,Bike,17,2.0,65
341,10.09,Clear,Medium,Evening,Bike,7,0.0,49
52,15.62,Rainy,Medium,Afternoon,Scooter,23,7.0,78
497,11.88,Rainy,Medium,Evening,Bike,20,8.0,69
609,10.32,Clear,Medium,Night,Car,24,5.0,49
881,5.01,Rainy,Low,Afternoon,Bike,10,5.0,31
998,3.17,Clear,Low,Afternoon,Bike,17,1.0,28
423,2.28,Clear,Medium,Evening,Scooter,27,9.0,39
193,18.06,Clear,Medium,Night,Bike,9,8.0,52
965,6.13,Rainy,High,,Bike,25,6.0,59
572,15.78,Clear,High,Afternoon,Scooter,12,1.0,68
711,15.32,Clear,Medium,Morning,Bike,17,6.0,80
863,10.73,Clear,,Afternoon,Bike,7,5.0,57
78,1.94,Rainy,Medium,Morning,Bike,16,0.0,35
659,13.1,Clear,Low,Evening,Bike,28,2.0,72
108,15.23,Snowy,High,Morning,Bike,5,0.0,62
911,12.01,Clear,Low,Morning,Car,5,7.0,42
43,1.17,Clear,Medium,Morning,Bike,16,9.0,25
419,13.61,Clear,Low,Morning,Bike,26,0.0,66
924,16.1,Clear,Low,Morning,Car,16,6.0,61
558,1.06,,Low,Afternoon,Scooter,19,6.0,21
250,17.13,Rainy,Low,Evening,Car,19,1.0,71
728,16.01,Windy,Low,Morning,Car,28,0.0,84
430,2.78,,High,Afternoon,Scooter,9,0.0,41
842,13.44,Clear,Medium,Morning,Car,22,1.0,79
654,15.04,Clear,Low,Morning,Car,24,5.0,60
306,19.53,Foggy,Low,Afternoon,Bike,11,6.0,87
566,12.0,Clear,Low,Evening,Car,25,0.0,75
325,19.12,Windy,High,Evening,Car,8,0.0,92
587,1.98,Rainy,Low,Afternoon,Bike,22,0.0,39
207,2.48,Rainy,Low,Evening,Scooter,20,8.0,30
969,11.54,Clear,High,Afternoon,Car,10,0.0,56
991,16.09,Snowy,Low,Morning,Car,13,6.0,69
699,3.51,Windy,Medium,Night,Bike,22,2.0,44
61,8.08,Foggy,Low,Morning,Bike,25,2.0,61
